-- MySQL dump 10.13  Distrib 8.0.36, for Linux (x86_64)
--
-- Host: 127.0.0.1    Database: sugarcane
-- ------------------------------------------------------
-- Server version	8.0.36-0ubuntu0.22.04.1

/*!40101 SET @OLD_CHARACTER_SET_CLIENT=@@CHARACTER_SET_CLIENT */;
/*!40101 SET @OLD_CHARACTER_SET_RESULTS=@@CHARACTER_SET_RESULTS */;
/*!40101 SET @OLD_COLLATION_CONNECTION=@@COLLATION_CONNECTION */;
/*!50503 SET NAMES utf8mb4 */;
/*!40103 SET @OLD_TIME_ZONE=@@TIME_ZONE */;
/*!40103 SET TIME_ZONE='+00:00' */;
/*!40014 SET @OLD_UNIQUE_CHECKS=@@UNIQUE_CHECKS, UNIQUE_CHECKS=0 */;
/*!40014 SET @OLD_FOREIGN_KEY_CHECKS=@@FOREIGN_KEY_CHECKS, FOREIGN_KEY_CHECKS=0 */;
/*!40101 SET @OLD_SQL_MODE=@@SQL_MODE, SQL_MODE='NO_AUTO_VALUE_ON_ZERO' */;
/*!40111 SET @OLD_SQL_NOTES=@@SQL_NOTES, SQL_NOTES=0 */;

--
-- Table structure for table `bin`
--

DROP TABLE IF EXISTS `bin`;
/*!40101 SET @saved_cs_client     = @@character_set_client */;
/*!50503 SET character_set_client = utf8mb4 */;
CREATE TABLE `bin` (
  `binID` int NOT NULL AUTO_INCREMENT,
  `status` bool DEFAULT NULL,
  `isBurnt` bool DEFAULT NULL,
  `flag` enum('MISSING', 'NEEDS_REPAIR') DEFAULT NULL,
  `sidingID` int DEFAULT NULL,
  `locoID` int DEFAULT NULL,
  `harvesterID` int DEFAULT NULL,
  PRIMARY KEY (`binID`),
  UNIQUE KEY `binsID` (`binID`),
  KEY `bin_locomotive_locoID_fk` (`locoID`),
  KEY `bin_siding_sidingID_fk` (`sidingID`),
  CONSTRAINT `bin_locomotive_locoID_fk` FOREIGN KEY (`locoID`) REFERENCES `locomotive` (`locoID`),
  CONSTRAINT `bin_siding_sidingID_fk` FOREIGN KEY (`sidingID`) REFERENCES `siding` (`sidingID`)
) ENGINE=InnoDB AUTO_INCREMENT=730 DEFAULT CHARSET=utf8mb4 COLLATE=utf8mb4_0900_ai_ci;
/*!40101 SET character_set_client = @saved_cs_client */;

ALTER TABLE bin ADD CONSTRAINT Burnt_Needs_Fill check
(
      status = 1 AND isBurnt IS NOT NULL
      OR status <> 1 -- If Marked with Burnt or not burnt must be full
);

--
-- Dumping data for table `bin`
--

LOCK TABLES `bin` WRITE;
/*!40000 ALTER TABLE `bin` DISABLE KEYS */;
INSERT INTO `bin` VALUES (1,1,0,NULL,1,NULL,NULL),(2,0,0,NULL,1,NULL,NULL),(3,1,1,NULL,1,NULL,NULL),(4,1,1,NULL,3,NULL,NULL),(5,0,0,NULL,3,NULL,NULL),(6,0,0,NULL,3,NULL,NULL),(7,0,0,NULL,3,NULL, NULL),(8,1,1,NULL,3,3,NULL),(9,0,0,NULL,3,3,NULL),(10,0,0,NULL,3,3,NULL),(11,0,0,NULL,3,3,NULL),(12,0,0,NULL,3,3,NULL),(13,0,0,NULL,3,3,NULL),(14,0,0,NULL,3,3,NULL),(15,0,0,NULL,3,3,NULL),(16,0,0,NULL,3,3,NULL),(17,0,NULL,NULL,3,3,NULL),(18,0,NULL,NULL,NULL,NULL,NULL),(710,0,NULL,NULL,NULL,NULL,NULL),(717,0,NULL,NULL,NULL,NULL,NULL),(718,0,NULL,NULL,NULL,NULL,NULL),(719,0,NULL,NULL,NULL,NULL,NULL),(720,0,NULL,NULL,NULL,NULL,NULL),(721,0,NULL,NULL,NULL,NULL,5),(722,0,NULL,NULL,NULL,NULL,NULL),(723,0,NULL,NULL,NULL,NULL,NULL),(724,0,NULL,NULL,NULL,NULL,NULL),(725,0,NULL,NULL,NULL,NULL,NULL),(726,0,NULL,NULL,NULL,NULL,NULL),(727,0,NULL,NULL,NULL,1,NULL),(728,0,NULL,'NEEDS_REPAIR',NULL,NULL,NULL),(729,0,NULL,'MISSING',NULL,NULL,NULL);
/*!40000 ALTER TABLE `bin` ENABLE KEYS */;
UNLOCK TABLES;

--
-- Table structure for table `harvester`
--

DROP TABLE IF EXISTS `harvester`;
/*!40101 SET @saved_cs_client     = @@character_set_client */;
/*!50503 SET character_set_client = utf8mb4 */;
CREATE TABLE `harvester` (
  `harvesterID` int NOT NULL AUTO_INCREMENT,
  `harvesterName` varchar(255) DEFAULT NULL,
  PRIMARY KEY (`harvesterID`),
  UNIQUE KEY `idHarvester_UNIQUE` (`harvesterID`)
) ENGINE=InnoDB AUTO_INCREMENT=22 DEFAULT CHARSET=utf8mb4 COLLATE=utf8mb4_0900_ai_ci COMMENT='List of Harvester';
/*!40101 SET character_set_client = @saved_cs_client */;

--
-- Dumping data for table `harvester`
--

LOCK TABLES `harvester` WRITE;
/*!40000 ALTER TABLE `harvester` DISABLE KEYS */;
INSERT INTO `harvester` VALUES (1,'Harvester1'),(2,'Harvester2'),(3,'Harvester3'),(4,'Harvester4'),(5,'JohnDeere'),(6,'JohnDeere1'),(7,'JohnDeer2'),(8,'MartyMcMills Group'),(9,'TrevorsGroupLtd'),(10,'BundabergGroup'),(11,'AgriGroupQLD'),(12,'FarmTeamQLD'),(13,'FNQHarvestGroup'),(14,'FrankyHarvesters'),(16,'CarinsSugarGroup'),(17,'ToolGroup'),(18,'HenryQLD'),(19,'JarrodFNQLtd'),(20,'GrowersGroup'),(21,'MossGroup');
/*!40000 ALTER TABLE `harvester` ENABLE KEYS */;
UNLOCK TABLES;

--
-- Table structure for table `locomotive`
--

DROP TABLE IF EXISTS `locomotive`;
/*!40101 SET @saved_cs_client     = @@character_set_client */;
/*!50503 SET character_set_client = utf8mb4 */;
CREATE TABLE `locomotive` (
  `locoID` int NOT NULL AUTO_INCREMENT,
  `locoName` varchar(255) DEFAULT NULL,
  PRIMARY KEY (`locoID`),
  UNIQUE KEY `idLocomotive_UNIQUE` (`locoID`)
) ENGINE=InnoDB AUTO_INCREMENT=22 DEFAULT CHARSET=utf8mb4 COLLATE=utf8mb4_0900_ai_ci COMMENT='list of locomotive';
/*!40101 SET character_set_client = @saved_cs_client */;


--
-- Table structure for table `paddocks`
--

DROP TABLE IF EXISTS `paddocks`;
/*!40101 SET @saved_cs_client     = @@character_set_client */;
/*!50503 SET character_set_client = utf8mb4 */;
CREATE TABLE `paddocks` (
  `paddockID` int NOT NULL AUTO_INCREMENT,
  `farmID` int NOT NULL,
  `paddockNumber` int NOT NULL,
  PRIMARY KEY (`paddockID`),
  UNIQUE KEY `paddock_Number_UNIQUE` (`paddockID`)
) ENGINE=InnoDB AUTO_INCREMENT=51 DEFAULT CHARSET=utf8mb4 COLLATE=utf8mb4_0900_ai_ci COMMENT='list of Paddocks';
/*!40101 SET character_set_client = @saved_cs_client */;

--
-- Dumping data for table `paddocks`
--

LOCK TABLES `paddocks` WRITE;
/*!40000 ALTER TABLE `paddocks` DISABLE KEYS */;
INSERT INTO `paddocks` VALUES (1,1,1),(2,1,2),(3,1,3),(4,1,4),(5,1,5),(6,1,6),(7,2,1),(8,2,2),(9,2,3),(10,2,4),(11,2,5),(12,3,1),(13,3,2),(14,3,3),(15,4,1),(16,4,2),(17,4,3),(18,4,4),(19,4,5),(20,4,6),(21,5,1),(22,5,2),(23,5,3),(24,5,4),(25,6,1),(26,7,1),(27,7,2),(28,7,3),(29,7,4),(30,7,5),(31,7,6),(32,7,7),(33,7,8),(34,7,9),(35,7,10),(36,7,11),(37,7,12),(38,7,13),(39,8,1),(40,8,2),(41,8,3),(42,8,4),(43,8,5),(44,8,6),(45,8,7),(46,9,5),(47,9,1),(48,9,2),(49,9,3),(50,9,4);
/*!40000 ALTER TABLE `paddocks` ENABLE KEYS */;
UNLOCK TABLES;

--
-- Table structure for table `blocks`
--

DROP TABLE IF EXISTS `blocks`;
/*!40101 SET @saved_cs_client     = @@character_set_client */;
/*!50503 SET character_set_client = utf8mb4 */;
CREATE TABLE `blocks` (
  `blockID` int NOT NULL AUTO_INCREMENT,
  `farmID` int NOT NULL,
  PRIMARY KEY (`blockID`)
) ENGINE=InnoDB AUTO_INCREMENT=51 DEFAULT CHARSET=utf8mb4 COLLATE=utf8mb4_0900_ai_ci COMMENT='list of Blocks';
/*!40101 SET character_set_client = @saved_cs_client */;

--
-- Dumping data for table `paddocks`
--

LOCK TABLES `blocks` WRITE;
/*!40000 ALTER TABLE `blocks` DISABLE KEYS */;
INSERT INTO `blocks` VALUES (1,18),(41,8);
/*!40000 ALTER TABLE `blocks` ENABLE KEYS */;
UNLOCK TABLES;

--
-- Table structure for table `sub-blocks`
--

DROP TABLE IF EXISTS `subs`;
/*!40101 SET @saved_cs_client     = @@character_set_client */;
/*!50503 SET character_set_client = utf8mb4 */;
CREATE TABLE `subs` (
  `subBlockID` int NOT NULL AUTO_INCREMENT,
  `blockID` int NOT NULL,
  `farmID` int NOT NULL,
  PRIMARY KEY (`subBlockID`, `blockID`)
) ENGINE=InnoDB AUTO_INCREMENT=51 DEFAULT CHARSET=utf8mb4 COLLATE=utf8mb4_0900_ai_ci COMMENT='list of Sub-Blocks';
/*!40101 SET character_set_client = @saved_cs_client */;

--
-- Dumping data for table `paddocks`
--

LOCK TABLES `subs` WRITE;
/*!40000 ALTER TABLE `subs` DISABLE KEYS */;
INSERT INTO `subs` VALUES (1,1,1),(2,1,2),(3,1,3),(4,1,4),(5,1,5),(6,1,6),(7,2,1),(8,2,2);
/*!40000 ALTER TABLE `subs` ENABLE KEYS */;
UNLOCK TABLES;


--
-- Dumping data for table `locomotive`
--

LOCK TABLES `locomotive` WRITE;
/*!40000 ALTER TABLE `locomotive` DISABLE KEYS */;
INSERT INTO `locomotive` VALUES (1,'Loco 1'),(2,'Loco 2'),(3,'Loco 3'),(4,'Loco 4'),(5,'Loco 5'),(6,'Loco 6'),(7,'Loco 7'),(8,'Loco 8'),(9,'Loco 9'),(10,'Loco 10'),(11,'Loco 11'),(12,'Loco 12'),(13,'Loco 13'),(14,'Loco 14'),(16,'Loco 16'),(17,'Loco 17'),(18,'Loco 18'),(19,'Loco 19'),(20,'Loco 20');
/*!40000 ALTER TABLE `locomotive` ENABLE KEYS */;
UNLOCK TABLES;

--
-- Table structure for table `siding`
--

DROP TABLE IF EXISTS `siding`;
/*!40101 SET @saved_cs_client     = @@character_set_client */;
/*!50503 SET character_set_client = utf8mb4 */;
CREATE TABLE `siding` (
  `sidingID` int NOT NULL AUTO_INCREMENT,
  `sidingName` varchar(255) NOT NULL,
  PRIMARY KEY (`sidingID`),
  UNIQUE KEY `idSiding_UNIQUE` (`sidingID`)
) ENGINE=InnoDB AUTO_INCREMENT=25 DEFAULT CHARSET=utf8mb4 COLLATE=utf8mb4_0900_ai_ci COMMENT='list of Siding';
/*!40101 SET character_set_client = @saved_cs_client */;

--
-- Dumping data for table `siding`
--

LOCK TABLES `siding` WRITE;
/*!40000 ALTER TABLE `siding` DISABLE KEYS */;
INSERT INTO `siding` VALUES (1,'Mill'),(2,'Mossman Line'),(3,'Mossman Line3'),(4,'Mossman Line4'),(7,'Mossmane line7'),(8,'Mossman Line8'),(9,'Mossman Line9'),(10,'Mossman Line10'),(11,'asdfg'),(12,'123456789'),(16,'1'),(19,'12'),(22,'16'),(23,'19');
/*!40000 ALTER TABLE `siding` ENABLE KEYS */;
UNLOCK TABLES;

--
-- Table structure for table `transactionlog`
--

DROP TABLE IF EXISTS `transactionlog`;
/*!40101 SET @saved_cs_client     = @@character_set_client */;
/*!50503 SET character_set_client = utf8mb4 */;
CREATE TABLE `transactionlog` (
  `transactionID` int NOT NULL AUTO_INCREMENT,
  `transactionTime` datetime NOT NULL DEFAULT CURRENT_TIMESTAMP,
  `userID` int NOT NULL,
  `binID` int NOT NULL,
  `harvesterID` int DEFAULT NULL,
  `sidingID` int DEFAULT NULL,
  `locoID` int DEFAULT NULL,
  `type` enum('FILLED','EMPTIED','PICKED_UP','DROPPED_OFF','MISSING','REPAIR', 'BURNT', 'GREEN', 'NOTMISSING', 'REPAIRED') NOT NULL,
  PRIMARY KEY (`transactionID`),
  UNIQUE KEY `transactionNumber` (`transactionID`),
  KEY `transactionlog_harvester_harvesterID_fk` (`harvesterID`),
  KEY `transactionlog_locomotive_locoID_fk` (`locoID`),
  KEY `transactionlog_bin_binID_fk` (`binID`),
  KEY `transactionlog_siding_sidingID_fk` (`sidingID`),
  KEY `transactionlog_users_userID_fk` (`userID`),
  CONSTRAINT `transactionlog_bin_binID_fk` FOREIGN KEY (`binID`) REFERENCES `bin` (`binID`),
  CONSTRAINT `transactionlog_harvester_harvesterID_fk` FOREIGN KEY (`harvesterID`) REFERENCES `harvester` (`harvesterID`),
  CONSTRAINT `transactionlog_locomotive_locoID_fk` FOREIGN KEY (`locoID`) REFERENCES `locomotive` (`locoID`),
  CONSTRAINT `transactionlog_siding_sidingID_fk` FOREIGN KEY (`sidingID`) REFERENCES `siding` (`sidingID`),
  CONSTRAINT `transactionlog_users_userID_fk` FOREIGN KEY (`userID`) REFERENCES `users` (`userID`)
) ENGINE=InnoDB AUTO_INCREMENT=730 DEFAULT CHARSET=utf8mb4 COLLATE=utf8mb4_0900_ai_ci;
/*!40101 SET character_set_client = @saved_cs_client */;

--
-- Dumping data for table `transactionlog`
--

LOCK TABLES `transactionlog` WRITE;
/*!40000 ALTER TABLE `transactionlog` DISABLE KEYS */;
INSERT INTO `transactionlog` VALUES (1,'2023-05-29 15:46:45',1,1,NULL,1,1,'DROPPED_OFF'),(2,'2023-05-29 15:46:45',1,2,NULL,NULL,1,'MISSING'),(3,'2023-05-29 15:46:45',1,3,NULL,1,1,'DROPPED_OFF'),(4,'2023-05-29 15:46:45',1,4,3,NULL,NULL,'FILLED'),(5,'2023-05-29 15:46:45',1,5,3,NULL,NULL,'FILLED'),(6,'2023-05-29 15:46:45',1,6,3,NULL,NULL,'FILLED'),(7,'2023-05-29 15:46:45',1,7,3,NULL,NULL,'FILLED'),(8,'2023-05-29 15:46:45',1,8,3,NULL,NULL,'FILLED'),(9,'2023-05-29 15:46:45',1,9,3,NULL,NULL,'FILLED'),(10,'2023-05-29 15:46:45',1,10,3,NULL,NULL,'FILLED'),(11,'2023-05-29 15:46:45',1,11,1,NULL,NULL,'FILLED'),(12,'2023-05-29 15:46:45',1,12,1,NULL,NULL,'FILLED'),(13,'2023-05-29 15:46:45',1,13,1,NULL,NULL,'FILLED'),(14,'2023-05-29 15:46:45',1,14,1,NULL,NULL,'FILLED'),(15,'2023-05-29 15:46:45',1,15,1,NULL,NULL,'FILLED'),(16,'2023-05-29 15:46:45',1,16,NULL,3,1,'DROPPED_OFF'),(17,'2023-05-29 15:46:45',1,17,NULL,3,1,'DROPPED_OFF'),(18,'2023-05-29 15:46:45',1,18,NULL,3,1,'DROPPED_OFF'),(19,'2023-05-29 15:46:45',1,19,NULL,3,1,'PICKED_UP'),(20,'2023-05-29 15:46:45',1,20,NULL,3,1,'PICKED_UP'),(21,'2023-05-29 15:46:45',2,21,1,3,2,'PICKED_UP'),(22,'2023-05-29 15:46:45',2,22,1,3,2,'PICKED_UP'),(23,'2023-05-29 15:46:45',2,23,1,3,2,'PICKED_UP'),(24,'2023-05-29 15:46:45',2,24,1,3,2,'DROPPED_OFF'),(25,'2023-05-29 15:46:45',2,25,1,3,2,'DROPPED_OFF'),(26,'2023-05-29 15:46:45',2,26,1,3,2,'DROPPED_OFF'),(27,'2023-05-29 15:46:45',2,27,1,1,3,'DROPPED_OFF'),(28,'2023-05-29 15:46:45',2,28,1,1,3,'DROPPED_OFF'),(29,'2023-05-29 15:46:45',2,29,1,1,3,'DROPPED_OFF'),(30,'2023-05-29 15:46:45',2,30,1,1,3,'DROPPED_OFF'),(31,'2023-05-29 15:46:45',3,31,2,1,NULL,'DROPPED_OFF'),(32,'2023-05-29 15:46:45',3,32,2,1,NULL,'DROPPED_OFF'),(33,'2023-05-29 15:46:45',3,33,2,1,NULL,'DROPPED_OFF'),(34,'2023-05-29 15:46:45',3,34,2,1,NULL,'DROPPED_OFF'),(35,'2023-05-29 15:46:45',3,35,2,1,NULL,'DROPPED_OFF'),(36,'2023-05-29 15:46:45',3,36,2,1,NULL,'DROPPED_OFF'),(37,'2023-05-29 15:46:45',3,37,2,1,NULL,'DROPPED_OFF'),(38,'2023-05-29 15:46:45',3,38,2,1,NULL,'DROPPED_OFF'),(39,'2023-05-29 15:46:45',3,39,2,1,NULL,'DROPPED_OFF'),(40,'2023-05-29 15:46:45',3,40,2,1,NULL,'DROPPED_OFF'),(41,'2023-05-29 15:46:45',3,41,2,1,NULL,'DROPPED_OFF'),(42,'2023-05-29 15:46:45',5,42,2,1,NULL,'DROPPED_OFF'),(43,'2023-05-29 15:46:45',5,43,2,1,NULL,'DROPPED_OFF'),(44,'2023-05-29 15:46:45',5,44,2,1,NULL,'DROPPED_OFF'),(45,'2023-05-29 15:46:45',5,45,2,1,NULL,'DROPPED_OFF'),(46,'2023-05-29 15:46:45',5,46,2,1,NULL,'DROPPED_OFF'),(47,'2023-05-29 15:46:45',5,47,2,1,NULL,'DROPPED_OFF'),(48,'2023-05-29 15:46:45',5,48,2,1,NULL,'DROPPED_OFF'),(49,'2023-05-29 15:46:45',5,49,2,1,NULL,'DROPPED_OFF'),(50,'2023-05-29 15:46:45',5,50,2,1,NULL,'DROPPED_OFF'),(51,'2023-05-29 15:46:45',5,51,3,1,2,'DROPPED_OFF'),(52,'2023-05-29 15:46:45',5,52,3,1,2,'DROPPED_OFF'),(53,'2023-05-29 15:46:45',5,53,3,1,2,'DROPPED_OFF'),(54,'2023-05-29 15:46:45',5,54,3,1,2,'DROPPED_OFF'),(55,'2023-05-29 15:46:45',5,55,3,1,2,'DROPPED_OFF'),(56,'2023-05-29 15:46:45',5,56,3,1,2,'DROPPED_OFF'),(57,'2023-05-29 15:46:45',5,57,3,1,2,'DROPPED_OFF'),(58,'2023-05-29 15:46:45',5,58,3,1,2,'DROPPED_OFF'),(59,'2023-05-29 15:46:45',5,59,3,1,2,'DROPPED_OFF'),(60,'2023-05-29 15:46:45',5,60,3,1,2,'DROPPED_OFF'),(61,'2023-05-29 15:46:45',5,61,3,1,2,'DROPPED_OFF'),(62,'2023-05-29 15:46:45',5,62,3,1,2,'DROPPED_OFF'),(63,'2023-05-29 15:46:45',5,63,3,1,2,'DROPPED_OFF'),(64,'2023-05-29 15:46:45',5,64,3,1,2,'DROPPED_OFF'),(65,'2023-05-29 15:46:45',5,65,3,1,2,'DROPPED_OFF'),(66,'2023-05-29 15:46:45',5,66,3,1,2,'DROPPED_OFF'),(67,'2023-05-29 15:46:45',5,67,3,1,2,'DROPPED_OFF'),(68,'2023-05-29 15:46:45',5,68,3,1,2,'DROPPED_OFF'),(69,'2023-05-29 15:46:45',5,69,3,1,2,'DROPPED_OFF'),(70,'2023-05-29 15:46:45',5,70,3,1,2,'DROPPED_OFF'),(71,'2023-05-29 15:46:45',1,71,4,2,3,'DROPPED_OFF'),(72,'2023-05-29 15:46:45',1,72,4,2,3,'DROPPED_OFF'),(73,'2023-05-29 15:46:45',1,73,4,2,3,'DROPPED_OFF'),(74,'2023-05-29 15:46:45',1,74,4,2,3,'DROPPED_OFF'),(75,'2023-05-29 15:46:45',1,75,4,2,3,'DROPPED_OFF'),(76,'2023-05-29 15:46:45',1,76,4,2,3,'DROPPED_OFF'),(77,'2023-05-29 15:46:45',1,77,4,2,3,'DROPPED_OFF'),(78,'2023-05-29 15:46:45',1,78,4,2,3,'DROPPED_OFF'),(79,'2023-05-29 15:46:45',1,79,4,2,3,'DROPPED_OFF'),(80,'2023-05-29 15:46:45',1,80,4,2,3,'DROPPED_OFF'),(81,'2023-05-29 15:46:45',1,81,4,2,3,'DROPPED_OFF'),(82,'2023-05-29 15:46:45',1,82,4,2,3,'DROPPED_OFF'),(83,'2023-05-29 15:46:45',1,83,4,2,3,'DROPPED_OFF'),(84,'2023-05-29 15:46:45',1,84,4,2,3,'DROPPED_OFF'),(85,'2023-05-29 15:46:45',1,85,4,2,3,'DROPPED_OFF'),(86,'2023-05-29 15:46:45',1,86,4,2,3,'DROPPED_OFF'),(87,'2023-05-29 15:46:45',1,87,4,2,3,'DROPPED_OFF'),(88,'2023-05-29 15:46:45',1,88,4,2,3,'DROPPED_OFF'),(89,'2023-05-29 15:46:45',1,89,4,2,3,'DROPPED_OFF'),(90,'2023-05-29 15:46:45',1,90,4,2,3,'DROPPED_OFF'),(91,'2023-05-29 15:46:49',1,91,NULL,NULL,NULL,'DROPPED_OFF'),(92,'2023-05-29 15:46:49',1,92,NULL,NULL,NULL,'DROPPED_OFF'),(93,'2023-05-29 15:46:49',1,93,NULL,NULL,NULL,'DROPPED_OFF'),(94,'2023-05-29 15:46:49',1,94,NULL,NULL,NULL,'DROPPED_OFF'),(95,'2023-05-29 15:46:49',1,95,NULL,NULL,NULL,'DROPPED_OFF'),(96,'2023-05-29 15:46:49',1,96,NULL,NULL,NULL,'DROPPED_OFF'),(97,'2023-05-29 15:46:49',1,97,NULL,NULL,NULL,'DROPPED_OFF'),(98,'2023-05-29 15:46:49',1,98,NULL,NULL,NULL,'DROPPED_OFF'),(99,'2023-05-29 15:46:49',1,99,NULL,NULL,NULL,'DROPPED_OFF'),(100,'2023-05-29 15:46:49',1,100,NULL,NULL,NULL,'DROPPED_OFF'),(101,'2023-05-29 15:46:49',1,101,NULL,NULL,NULL,'DROPPED_OFF'),(102,'2023-05-29 15:46:49',1,102,NULL,NULL,NULL,'DROPPED_OFF'),(103,'2023-05-29 15:46:49',1,103,NULL,NULL,NULL,'DROPPED_OFF'),(104,'2023-05-29 15:46:49',1,104,NULL,NULL,NULL,'DROPPED_OFF'),(105,'2023-05-29 15:46:49',1,105,NULL,NULL,NULL,'DROPPED_OFF'),(106,'2023-05-29 15:46:49',1,106,NULL,NULL,NULL,'DROPPED_OFF'),(107,'2023-05-29 15:46:49',1,107,NULL,NULL,NULL,'DROPPED_OFF'),(108,'2023-05-29 15:46:49',1,108,NULL,NULL,NULL,'DROPPED_OFF'),(109,'2023-05-29 15:46:49',1,109,NULL,NULL,NULL,'DROPPED_OFF'),(110,'2023-05-29 15:46:49',1,110,NULL,NULL,NULL,'DROPPED_OFF'),(111,'2023-05-29 15:46:49',1,111,NULL,NULL,NULL,'DROPPED_OFF'),(112,'2023-05-29 15:46:49',1,112,NULL,NULL,NULL,'DROPPED_OFF'),(113,'2023-05-29 15:46:49',1,113,NULL,NULL,NULL,'DROPPED_OFF'),(114,'2023-05-29 15:46:49',1,114,NULL,NULL,NULL,'DROPPED_OFF'),(115,'2023-05-29 15:46:49',1,115,NULL,NULL,NULL,'DROPPED_OFF'),(116,'2023-05-29 15:46:49',1,116,NULL,NULL,NULL,'DROPPED_OFF'),(117,'2023-05-29 15:46:49',1,117,NULL,NULL,NULL,'DROPPED_OFF'),(118,'2023-05-29 15:46:49',1,118,NULL,NULL,NULL,'DROPPED_OFF'),(119,'2023-05-29 15:46:49',1,119,NULL,NULL,NULL,'DROPPED_OFF'),(120,'2023-05-29 15:46:49',1,120,NULL,NULL,NULL,'DROPPED_OFF'),(121,'2023-05-29 15:46:49',1,121,NULL,NULL,NULL,'DROPPED_OFF'),(122,'2023-05-29 15:46:49',1,122,NULL,NULL,NULL,'DROPPED_OFF'),(123,'2023-05-29 15:46:49',1,123,NULL,NULL,NULL,'DROPPED_OFF'),(124,'2023-05-29 15:46:49',1,124,NULL,NULL,NULL,'DROPPED_OFF'),(125,'2023-05-29 15:46:49',1,125,NULL,NULL,NULL,'DROPPED_OFF'),(126,'2023-05-29 15:46:49',1,126,NULL,NULL,NULL,'DROPPED_OFF'),(127,'2023-05-29 15:46:49',1,127,NULL,NULL,NULL,'DROPPED_OFF'),(128,'2023-05-29 15:46:49',1,128,NULL,NULL,NULL,'DROPPED_OFF'),(129,'2023-05-29 15:46:49',1,129,NULL,NULL,NULL,'DROPPED_OFF'),(130,'2023-05-29 15:46:49',1,130,NULL,NULL,NULL,'DROPPED_OFF'),(131,'2023-05-29 15:46:49',1,131,NULL,NULL,NULL,'DROPPED_OFF'),(132,'2023-05-29 15:46:49',1,132,NULL,NULL,NULL,'DROPPED_OFF'),(133,'2023-05-29 15:46:49',1,133,NULL,NULL,NULL,'DROPPED_OFF'),(134,'2023-05-29 15:46:49',1,134,NULL,NULL,NULL,'DROPPED_OFF'),(135,'2023-05-29 15:46:49',1,135,NULL,NULL,NULL,'DROPPED_OFF'),(136,'2023-05-29 15:46:49',1,136,NULL,NULL,NULL,'DROPPED_OFF'),(137,'2023-05-29 15:46:49',1,137,NULL,NULL,NULL,'DROPPED_OFF'),(138,'2023-05-29 15:46:49',1,138,NULL,NULL,NULL,'DROPPED_OFF'),(139,'2023-05-29 15:46:49',1,139,NULL,NULL,NULL,'DROPPED_OFF'),(140,'2023-05-29 15:46:49',1,140,NULL,NULL,NULL,'DROPPED_OFF'),(141,'2023-05-29 15:46:49',1,141,NULL,NULL,NULL,'DROPPED_OFF'),(142,'2023-05-29 15:46:49',1,142,NULL,NULL,NULL,'DROPPED_OFF'),(143,'2023-05-29 15:46:49',1,143,NULL,NULL,NULL,'DROPPED_OFF'),(144,'2023-05-29 15:46:49',1,144,NULL,NULL,NULL,'DROPPED_OFF'),(145,'2023-05-29 15:46:49',1,145,NULL,NULL,NULL,'DROPPED_OFF'),(146,'2023-05-29 15:46:49',1,146,NULL,NULL,NULL,'DROPPED_OFF'),(147,'2023-05-29 15:46:49',1,147,NULL,NULL,NULL,'DROPPED_OFF'),(148,'2023-05-29 15:46:49',1,148,NULL,NULL,NULL,'DROPPED_OFF'),(149,'2023-05-29 15:46:49',1,149,NULL,NULL,NULL,'DROPPED_OFF'),(150,'2023-05-29 15:46:49',1,150,NULL,NULL,NULL,'DROPPED_OFF'),(151,'2023-05-29 15:46:49',1,151,NULL,NULL,NULL,'DROPPED_OFF'),(152,'2023-05-29 15:46:49',1,152,NULL,NULL,NULL,'DROPPED_OFF'),(153,'2023-05-29 15:46:49',1,153,NULL,NULL,NULL,'DROPPED_OFF'),(154,'2023-05-29 15:46:49',1,154,NULL,NULL,NULL,'DROPPED_OFF'),(155,'2023-05-29 15:46:49',1,155,NULL,NULL,NULL,'DROPPED_OFF'),(156,'2023-05-29 15:46:49',1,156,NULL,NULL,NULL,'DROPPED_OFF'),(157,'2023-05-29 15:46:49',1,157,NULL,NULL,NULL,'DROPPED_OFF'),(158,'2023-05-29 15:46:49',1,158,NULL,NULL,NULL,'DROPPED_OFF'),(159,'2023-05-29 15:46:49',1,159,NULL,NULL,NULL,'DROPPED_OFF'),(160,'2023-05-29 15:46:49',1,160,NULL,NULL,NULL,'DROPPED_OFF'),(161,'2023-05-29 15:46:49',1,161,NULL,NULL,NULL,'DROPPED_OFF'),(162,'2023-05-29 15:46:49',1,162,NULL,NULL,NULL,'DROPPED_OFF'),(163,'2023-05-29 15:46:49',1,163,NULL,NULL,NULL,'DROPPED_OFF'),(164,'2023-05-29 15:46:49',1,164,NULL,NULL,NULL,'DROPPED_OFF'),(165,'2023-05-29 15:46:49',1,165,NULL,NULL,NULL,'DROPPED_OFF'),(166,'2023-05-29 15:46:49',1,166,NULL,NULL,NULL,'DROPPED_OFF'),(167,'2023-05-29 15:46:49',1,167,NULL,NULL,NULL,'DROPPED_OFF'),(168,'2023-05-29 15:46:49',1,168,NULL,NULL,NULL,'DROPPED_OFF'),(169,'2023-05-29 15:46:49',1,169,NULL,NULL,NULL,'DROPPED_OFF'),(170,'2023-05-29 15:46:49',1,170,NULL,NULL,NULL,'DROPPED_OFF'),(171,'2023-05-29 15:46:49',1,171,NULL,NULL,NULL,'DROPPED_OFF'),(172,'2023-05-29 15:46:49',1,172,NULL,NULL,NULL,'DROPPED_OFF'),(173,'2023-05-29 15:46:49',1,173,NULL,NULL,NULL,'DROPPED_OFF'),(174,'2023-05-29 15:46:49',1,174,NULL,NULL,NULL,'DROPPED_OFF'),(175,'2023-05-29 15:46:49',1,175,NULL,NULL,NULL,'DROPPED_OFF'),(176,'2023-05-29 15:46:49',1,176,NULL,NULL,NULL,'DROPPED_OFF'),(177,'2023-05-29 15:46:49',1,177,NULL,NULL,NULL,'DROPPED_OFF'),(178,'2023-05-29 15:46:49',1,178,NULL,NULL,NULL,'DROPPED_OFF'),(179,'2023-05-29 15:46:49',1,179,NULL,NULL,NULL,'DROPPED_OFF'),(180,'2023-05-29 15:46:49',1,180,NULL,NULL,NULL,'DROPPED_OFF'),(181,'2023-05-29 15:46:51',2,181,NULL,NULL,4,'DROPPED_OFF'),(182,'2023-05-29 15:46:51',2,182,NULL,NULL,4,'DROPPED_OFF'),(183,'2023-05-29 15:46:51',2,183,NULL,NULL,4,'DROPPED_OFF'),(184,'2023-05-29 15:46:51',2,184,NULL,NULL,4,'DROPPED_OFF'),(185,'2023-05-29 15:46:51',2,185,NULL,NULL,4,'DROPPED_OFF'),(186,'2023-05-29 15:46:51',2,186,NULL,NULL,4,'DROPPED_OFF'),(187,'2023-05-29 15:46:51',2,187,NULL,NULL,4,'DROPPED_OFF'),(188,'2023-05-29 15:46:51',2,188,NULL,NULL,4,'DROPPED_OFF'),(189,'2023-05-29 15:46:51',2,189,NULL,NULL,4,'DROPPED_OFF'),(190,'2023-05-29 15:46:51',2,190,NULL,NULL,4,'DROPPED_OFF'),(191,'2023-05-29 15:46:51',2,191,NULL,NULL,4,'DROPPED_OFF'),(192,'2023-05-29 15:46:51',2,192,NULL,NULL,4,'DROPPED_OFF'),(193,'2023-05-29 15:46:51',2,193,NULL,NULL,4,'DROPPED_OFF'),(194,'2023-05-29 15:46:51',2,194,NULL,NULL,4,'DROPPED_OFF'),(195,'2023-05-29 15:46:51',2,195,NULL,NULL,4,'DROPPED_OFF'),(196,'2023-05-29 15:46:51',2,196,NULL,NULL,4,'DROPPED_OFF'),(197,'2023-05-29 15:46:51',2,197,NULL,NULL,4,'DROPPED_OFF'),(198,'2023-05-29 15:46:51',2,198,NULL,NULL,4,'DROPPED_OFF'),(199,'2023-05-29 15:46:51',2,199,NULL,NULL,4,'DROPPED_OFF'),(200,'2023-05-29 15:46:51',2,200,NULL,NULL,4,'DROPPED_OFF'),(201,'2023-05-29 15:46:51',2,201,NULL,NULL,4,'DROPPED_OFF'),(202,'2023-05-29 15:46:51',2,202,NULL,NULL,4,'DROPPED_OFF'),(203,'2023-05-29 15:46:51',2,203,NULL,NULL,4,'DROPPED_OFF'),(204,'2023-05-29 15:46:51',2,204,NULL,NULL,4,'DROPPED_OFF'),(205,'2023-05-29 15:46:51',2,205,NULL,NULL,4,'DROPPED_OFF'),(206,'2023-05-29 15:46:51',2,206,NULL,NULL,4,'DROPPED_OFF'),(207,'2023-05-29 15:46:51',2,207,NULL,NULL,4,'DROPPED_OFF'),(208,'2023-05-29 15:46:51',2,208,NULL,NULL,4,'DROPPED_OFF'),(209,'2023-05-29 15:46:51',2,209,NULL,NULL,4,'DROPPED_OFF'),(210,'2023-05-29 15:46:51',2,210,NULL,NULL,5,'DROPPED_OFF'),(211,'2023-05-29 15:46:51',2,211,NULL,NULL,5,'DROPPED_OFF'),(212,'2023-05-29 15:46:51',2,212,NULL,NULL,5,'DROPPED_OFF'),(213,'2023-05-29 15:46:51',2,213,NULL,NULL,5,'DROPPED_OFF'),(214,'2023-05-29 15:46:51',2,214,NULL,NULL,5,'DROPPED_OFF'),(215,'2023-05-29 15:46:51',2,215,NULL,NULL,5,'DROPPED_OFF'),(216,'2023-05-29 15:46:51',2,216,NULL,NULL,5,'DROPPED_OFF'),(217,'2023-05-29 15:46:51',2,217,NULL,NULL,5,'DROPPED_OFF'),(218,'2023-05-29 15:46:51',2,218,NULL,NULL,5,'DROPPED_OFF'),(219,'2023-05-29 15:46:51',2,219,NULL,NULL,5,'DROPPED_OFF'),(220,'2023-05-29 15:46:51',2,220,NULL,NULL,5,'DROPPED_OFF'),(221,'2023-05-29 15:46:51',2,221,NULL,NULL,5,'DROPPED_OFF'),(222,'2023-05-29 15:46:51',2,222,NULL,NULL,5,'DROPPED_OFF'),(223,'2023-05-29 15:46:51',2,223,NULL,NULL,5,'DROPPED_OFF'),(224,'2023-05-29 15:46:51',2,224,NULL,NULL,5,'DROPPED_OFF'),(225,'2023-05-29 15:46:51',2,225,NULL,NULL,5,'DROPPED_OFF'),(226,'2023-05-29 15:46:51',2,226,NULL,NULL,5,'DROPPED_OFF'),(227,'2023-05-29 15:46:51',2,227,NULL,NULL,5,'DROPPED_OFF'),(228,'2023-05-29 15:46:51',2,228,NULL,NULL,5,'DROPPED_OFF'),(229,'2023-05-29 15:46:51',2,229,NULL,NULL,5,'DROPPED_OFF'),(230,'2023-05-29 15:46:51',2,230,NULL,NULL,5,'DROPPED_OFF'),(231,'2023-05-29 15:46:51',2,231,NULL,NULL,5,'DROPPED_OFF'),(232,'2023-05-29 15:46:51',2,232,NULL,NULL,5,'DROPPED_OFF'),(233,'2023-05-29 15:46:51',2,233,NULL,NULL,5,'DROPPED_OFF'),(234,'2023-05-29 15:46:51',2,234,NULL,NULL,5,'DROPPED_OFF'),(235,'2023-05-29 15:46:51',2,235,NULL,NULL,5,'DROPPED_OFF'),(236,'2023-05-29 15:46:51',2,236,NULL,NULL,5,'DROPPED_OFF'),(237,'2023-05-29 15:46:51',2,237,NULL,NULL,5,'DROPPED_OFF'),(238,'2023-05-29 15:46:51',2,238,NULL,NULL,5,'DROPPED_OFF'),(239,'2023-05-29 15:46:51',2,239,NULL,NULL,5,'DROPPED_OFF'),(240,'2023-05-29 15:46:51',2,240,NULL,NULL,5,'DROPPED_OFF'),(241,'2023-05-29 15:46:51',2,241,NULL,NULL,5,'DROPPED_OFF'),(242,'2023-05-29 15:46:51',2,242,NULL,NULL,5,'DROPPED_OFF'),(243,'2023-05-29 15:46:51',2,243,NULL,NULL,5,'DROPPED_OFF'),(244,'2023-05-29 15:46:51',2,244,NULL,NULL,5,'DROPPED_OFF'),(245,'2023-05-29 15:46:51',2,245,NULL,NULL,5,'DROPPED_OFF'),(246,'2023-05-29 15:46:51',2,246,NULL,NULL,5,'DROPPED_OFF'),(247,'2023-05-29 15:46:51',2,247,NULL,NULL,5,'DROPPED_OFF'),(248,'2023-05-29 15:46:51',2,248,NULL,NULL,5,'DROPPED_OFF'),(249,'2023-05-29 15:46:51',2,249,NULL,NULL,5,'DROPPED_OFF'),(250,'2023-05-29 15:46:51',2,250,NULL,NULL,5,'DROPPED_OFF'),(251,'2023-05-29 15:46:51',2,251,NULL,NULL,5,'DROPPED_OFF'),(252,'2023-05-29 15:46:51',2,252,NULL,NULL,5,'DROPPED_OFF'),(253,'2023-05-29 15:46:51',2,253,NULL,NULL,5,'DROPPED_OFF'),(254,'2023-05-29 15:46:51',2,254,NULL,NULL,5,'DROPPED_OFF'),(255,'2023-05-29 15:46:51',2,255,NULL,NULL,5,'DROPPED_OFF'),(256,'2023-05-29 15:46:51',2,256,NULL,NULL,5,'DROPPED_OFF'),(257,'2023-05-29 15:46:51',2,257,NULL,NULL,5,'DROPPED_OFF'),(258,'2023-05-29 15:46:51',2,258,NULL,NULL,5,'DROPPED_OFF'),(259,'2023-05-29 15:46:51',2,259,NULL,NULL,5,'DROPPED_OFF'),(260,'2023-05-29 15:46:51',2,260,NULL,NULL,5,'DROPPED_OFF'),(261,'2023-05-29 15:46:51',2,261,NULL,NULL,5,'DROPPED_OFF'),(262,'2023-05-29 15:46:51',2,262,NULL,NULL,5,'DROPPED_OFF'),(263,'2023-05-29 15:46:51',2,263,NULL,NULL,5,'DROPPED_OFF'),(264,'2023-05-29 15:46:51',2,264,NULL,NULL,5,'DROPPED_OFF'),(265,'2023-05-29 15:46:51',2,265,NULL,NULL,5,'DROPPED_OFF'),(266,'2023-05-29 15:46:51',2,266,NULL,NULL,5,'DROPPED_OFF'),(267,'2023-05-29 15:46:51',2,267,NULL,NULL,5,'DROPPED_OFF'),(268,'2023-05-29 15:46:51',2,268,NULL,NULL,5,'DROPPED_OFF'),(269,'2023-05-29 15:46:51',2,269,NULL,NULL,5,'DROPPED_OFF'),(270,'2023-05-29 15:46:51',2,270,NULL,NULL,5,'DROPPED_OFF'),(271,'2023-05-29 15:46:51',2,271,NULL,NULL,5,'DROPPED_OFF'),(272,'2023-05-29 15:46:51',2,272,NULL,NULL,5,'DROPPED_OFF'),(273,'2023-05-29 15:46:51',2,273,NULL,NULL,5,'DROPPED_OFF'),(274,'2023-05-29 15:46:51',2,274,NULL,NULL,5,'DROPPED_OFF'),(275,'2023-05-29 15:46:51',2,275,NULL,NULL,6,'DROPPED_OFF'),(276,'2023-05-29 15:46:51',2,276,NULL,NULL,6,'DROPPED_OFF'),(277,'2023-05-29 15:46:51',2,277,NULL,NULL,6,'DROPPED_OFF'),(278,'2023-05-29 15:46:51',2,278,NULL,NULL,6,'DROPPED_OFF'),(279,'2023-05-29 15:46:51',2,279,NULL,NULL,6,'DROPPED_OFF'),(280,'2023-05-29 15:46:51',2,280,NULL,NULL,6,'DROPPED_OFF'),(281,'2023-05-29 15:46:51',2,281,NULL,NULL,6,'DROPPED_OFF'),(282,'2023-05-29 15:46:51',2,282,NULL,NULL,6,'DROPPED_OFF'),(283,'2023-05-29 15:46:51',2,283,NULL,NULL,6,'DROPPED_OFF'),(284,'2023-05-29 15:46:51',2,284,NULL,NULL,6,'DROPPED_OFF'),(285,'2023-05-29 15:46:51',2,285,NULL,NULL,6,'DROPPED_OFF'),(286,'2023-05-29 15:46:51',2,286,NULL,NULL,6,'DROPPED_OFF'),(287,'2023-05-29 15:46:51',2,287,NULL,NULL,6,'DROPPED_OFF'),(288,'2023-05-29 15:46:51',2,288,NULL,NULL,6,'DROPPED_OFF'),(289,'2023-05-29 15:46:51',2,289,NULL,NULL,6,'DROPPED_OFF'),(290,'2023-05-29 15:46:51',2,290,NULL,NULL,6,'DROPPED_OFF'),(291,'2023-05-29 15:46:51',2,291,NULL,NULL,6,'DROPPED_OFF'),(292,'2023-05-29 15:46:51',2,292,NULL,NULL,6,'DROPPED_OFF'),(293,'2023-05-29 15:46:51',2,293,NULL,NULL,6,'DROPPED_OFF'),(294,'2023-05-29 15:46:51',2,294,NULL,NULL,6,'DROPPED_OFF'),(295,'2023-05-29 15:46:51',2,295,NULL,NULL,6,'DROPPED_OFF'),(296,'2023-05-29 15:46:51',2,296,NULL,NULL,6,'DROPPED_OFF'),(297,'2023-05-29 15:46:51',2,297,NULL,NULL,6,'DROPPED_OFF'),(298,'2023-05-29 15:46:51',2,298,NULL,NULL,6,'DROPPED_OFF'),(299,'2023-05-29 15:46:51',2,299,NULL,NULL,6,'DROPPED_OFF'),(300,'2023-05-29 15:46:51',2,300,NULL,NULL,6,'DROPPED_OFF'),(301,'2023-05-29 15:46:51',2,301,NULL,NULL,6,'DROPPED_OFF'),(302,'2023-05-29 15:46:51',2,302,NULL,NULL,6,'DROPPED_OFF'),(303,'2023-05-29 15:46:51',2,303,NULL,NULL,6,'DROPPED_OFF'),(304,'2023-05-29 15:46:51',2,304,NULL,NULL,6,'DROPPED_OFF'),(305,'2023-05-29 15:46:51',2,305,NULL,NULL,6,'DROPPED_OFF'),(306,'2023-05-29 15:46:51',2,306,NULL,NULL,6,'DROPPED_OFF'),(307,'2023-05-29 15:46:51',2,307,NULL,NULL,6,'DROPPED_OFF'),(308,'2023-05-29 15:46:51',2,308,NULL,NULL,6,'DROPPED_OFF'),(309,'2023-05-29 15:46:51',2,309,NULL,NULL,6,'DROPPED_OFF'),(310,'2023-05-29 15:46:51',2,310,NULL,NULL,6,'DROPPED_OFF');
/*!40000 ALTER TABLE `transactionlog` ENABLE KEYS */;
UNLOCK TABLES;

--
-- Table structure for table `users`
--

DROP TABLE IF EXISTS `users`;
/*!40101 SET @saved_cs_client     = @@character_set_client */;
/*!50503 SET character_set_client = utf8mb4 */;
CREATE TABLE `users` (
  `userID` int NOT NULL AUTO_INCREMENT,
  `email` varchar(255) NOT NULL,
  `password` varchar(255) NOT NULL,
  `Permission` int NOT NULL,
  `firstName` varchar(255) DEFAULT NULL,
  `lastName` varchar(255) DEFAULT NULL,
  `userRole` varchar(255) DEFAULT NULL,
  PRIMARY KEY (`userID`),
  UNIQUE KEY `idUsers_UNIQUE` (`userID`),
  UNIQUE (`email`, `userRole`)
) ENGINE=InnoDB AUTO_INCREMENT=9 DEFAULT CHARSET=utf8mb4 COLLATE=utf8mb4_0900_ai_ci COMMENT='Table for users of the program';
/*!40101 SET character_set_client = @saved_cs_client */;

--
-- Dumping data for table `users`
--

LOCK TABLES `users` WRITE;
/*!40000 ALTER TABLE `users` DISABLE KEYS */;
INSERT INTO `users` VALUES (1,'raychuuse@gmail.com','$2a$08$wkJZiX0D.FPOVbsCuDmiBe14L6UFWAKkaYfALcHlv9saXPztybcvm',1,'Dough','Henry','Mill'),(2,'example2@gmail.com','$2a$08$HgTEhro2.iteq26ORrQ6fekeD56OsqAbjYHPUj37TgHDHcX1vkLta',2,'Mathew','Satler','Loco Operator'),(3,'example3@gmail.com','$2a$08$vuM7du751UzTRsJYY3ri2uH2LqdhCx24dG4s3dsD4mtB/tfXOjnwa',3,'Cass','Young','locoIDlocoIDuserIDHarvester Operator'),(4,'example4@gmail.com','root',1,'Jarrod','Stout','Mill'),(5,'example5@gmail.com','root',3,'Doubt','Young','Harvester Operator'),(6,'example6@gmail.com','root',2,'Harry','Brown','Loco Operator'),(7,'example7@gmail.com','root',2,'Jack','Smith','Loco Operator'),(8,'example8@gmail.com','root',2,'Ron','Falcon','Loco Operator');
/*!40000 ALTER TABLE `users` ENABLE KEYS */;
UNLOCK TABLES;

--
-- Table structure for table `userTokens`
--

DROP TABLE IF EXISTS `userTokens`;
/*!40101 SET @saved_cs_client     = @@character_set_client */;
/*!50503 SET character_set_client = utf8mb4 */;
CREATE TABLE `userTokens` (
  `email` varchar(255) NOT NULL,
  `userRole` varchar(255) NOT NULL,
  `resetToken` varchar(255) NOT NULL,
  PRIMARY KEY (`email`, `userRole`)
) ENGINE=InnoDB AUTO_INCREMENT=9 DEFAULT CHARSET=utf8mb4 COLLATE=utf8mb4_0900_ai_ci COMMENT='Table for user reset tokens';
/*!40101 SET character_set_client = @saved_cs_client */;

--
-- Dumping data for table `users`
--



UNLOCK TABLES;
/*!40103 SET TIME_ZONE=@OLD_TIME_ZONE */;

/*!40101 SET SQL_MODE=@OLD_SQL_MODE */;
/*!40014 SET FOREIGN_KEY_CHECKS=@OLD_FOREIGN_KEY_CHECKS */;
/*!40014 SET UNIQUE_CHECKS=@OLD_UNIQUE_CHECKS */;
/*!40101 SET CHARACTER_SET_CLIENT=@OLD_CHARACTER_SET_CLIENT */;
/*!40101 SET CHARACTER_SET_RESULTS=@OLD_CHARACTER_SET_RESULTS */;
/*!40101 SET COLLATION_CONNECTION=@OLD_COLLATION_CONNECTION */;
/*!40111 SET SQL_NOTES=@OLD_SQL_NOTES */;

-- Dump completed on 2024-04-19 19:21:51
