-- MySQL dump 10.13  Distrib 8.0.36, for Linux (x86_64)
--
-- Host: 127.0.0.1    Database: sugarcane
-- ------------------------------------------------------
-- Server version	8.0.36-0ubuntu0.22.04.1

/*!40101 SET @OLD_CHARACTER_SET_CLIENT=@@CHARACTER_SET_CLIENT */;
/*!40101 SET @OLD_CHARACTER_SET_RESULTS=@@CHARACTER_SET_RESULTS */;
/*!40101 SET @OLD_COLLATION_CONNECTION=@@COLLATION_CONNECTION */;
/*!50503 SET NAMES utf8mb4 */;
/*!40103 SET @OLD_TIME_ZONE=@@TIME_ZONE */;
/*!40103 SET TIME_ZONE='+00:00' */;
/*!40014 SET @OLD_UNIQUE_CHECKS=@@UNIQUE_CHECKS, UNIQUE_CHECKS=0 */;
/*!40014 SET @OLD_FOREIGN_KEY_CHECKS=@@FOREIGN_KEY_CHECKS, FOREIGN_KEY_CHECKS=0 */;
/*!40101 SET @OLD_SQL_MODE=@@SQL_MODE, SQL_MODE='NO_AUTO_VALUE_ON_ZERO' */;
/*!40111 SET @OLD_SQL_NOTES=@@SQL_NOTES, SQL_NOTES=0 */;

--
-- Table structure for table `bin`
--

DROP TABLE IF EXISTS `bin`;
/*!40101 SET @saved_cs_client     = @@character_set_client */;
/*!50503 SET character_set_client = utf8mb4 */;
CREATE TABLE `bin` (
  `binID` int NOT NULL AUTO_INCREMENT,
  `code` char(4) NOT NULL,
  `status` enum('EMPTY','FULL') DEFAULT NULL,
  `sidingID` int DEFAULT NULL,
  `locoID` int DEFAULT NULL,
  PRIMARY KEY (`binID`),
  UNIQUE KEY `binsID` (`binID`),
  KEY `bin_locomotive_locoID_fk` (`locoID`),
  KEY `bin_siding_sidingID_fk` (`sidingID`),
  CONSTRAINT `bin_locomotive_locoID_fk` FOREIGN KEY (`locoID`) REFERENCES `locomotive` (`locoID`),
  CONSTRAINT `bin_siding_sidingID_fk` FOREIGN KEY (`sidingID`) REFERENCES `siding` (`sidingID`)
) ENGINE=InnoDB AUTO_INCREMENT=730 DEFAULT CHARSET=utf8mb4 COLLATE=utf8mb4_0900_ai_ci;
/*!40101 SET character_set_client = @saved_cs_client */;

--
-- Dumping data for table `bin`
--

LOCK TABLES `bin` WRITE;
/*!40000 ALTER TABLE `bin` DISABLE KEYS */;
INSERT INTO `bin` VALUES (1,'0001','EMPTY',1,NULL),(2,'0002','FULL',1,NULL),(3,'','FULL',1,NULL),(4,'','FULL',3,NULL),(5,'','FULL',3,NULL),(6,'','FULL',3,NULL),(7,'','FULL',3,NULL),(8,'','FULL',3,3),(9,'','FULL',3,3),(10,'','FULL',3,3),(11,'','FULL',3,3),(12,'','FULL',3,3),(13,'','FULL',3,3),(14,'','FULL',3,3),(15,'','FULL',3,3),(16,'','EMPTY',3,3),(17,'','EMPTY',3,3),(18,'','EMPTY',3,3),(19,'','EMPTY',3,3),(20,'','EMPTY',3,3),(21,'','EMPTY',3,NULL),(22,'','EMPTY',3,NULL),(23,'','EMPTY',3,NULL),(24,'','EMPTY',3,NULL),(25,'','EMPTY',3,NULL),(26,'','EMPTY',3,NULL),(27,'','EMPTY',NULL,NULL),(28,'','EMPTY',NULL,NULL),(29,'','EMPTY',NULL,NULL),(30,'','EMPTY',NULL,NULL),(31,'','EMPTY',NULL,NULL),(32,'','EMPTY',NULL,NULL),(33,'','EMPTY',NULL,NULL),(34,'','EMPTY',NULL,NULL),(35,'','EMPTY',NULL,NULL),(36,'','EMPTY',NULL,NULL),(37,'','EMPTY',NULL,NULL),(38,'','EMPTY',NULL,NULL),(39,'','EMPTY',NULL,NULL),(40,'','EMPTY',NULL,NULL),(41,'','EMPTY',NULL,NULL),(42,'','EMPTY',NULL,NULL),(43,'','EMPTY',NULL,NULL),(44,'','EMPTY',NULL,NULL),(45,'','EMPTY',NULL,NULL),(46,'','EMPTY',NULL,NULL),(47,'','EMPTY',NULL,NULL),(48,'','EMPTY',NULL,NULL),(49,'','EMPTY',NULL,NULL),(50,'','EMPTY',NULL,NULL),(51,'','EMPTY',NULL,NULL),(52,'','EMPTY',NULL,NULL),(53,'','EMPTY',NULL,NULL),(54,'','EMPTY',NULL,NULL),(55,'','EMPTY',NULL,NULL),(56,'','EMPTY',NULL,NULL),(57,'','EMPTY',NULL,NULL),(58,'','EMPTY',NULL,NULL),(59,'','EMPTY',NULL,NULL),(60,'','EMPTY',NULL,NULL),(61,'','EMPTY',NULL,NULL),(62,'','EMPTY',NULL,NULL),(63,'','EMPTY',NULL,NULL),(64,'','EMPTY',NULL,NULL),(65,'','EMPTY',NULL,NULL),(66,'','EMPTY',NULL,NULL),(67,'','EMPTY',NULL,NULL),(68,'','EMPTY',NULL,NULL),(69,'','EMPTY',NULL,NULL),(70,'','EMPTY',NULL,NULL),(71,'','EMPTY',NULL,NULL),(72,'','EMPTY',NULL,NULL),(73,'','EMPTY',NULL,NULL),(74,'','EMPTY',NULL,NULL),(75,'','EMPTY',NULL,NULL),(76,'','EMPTY',NULL,NULL),(77,'','EMPTY',NULL,NULL),(78,'','EMPTY',NULL,NULL),(79,'','EMPTY',NULL,NULL),(80,'','EMPTY',NULL,NULL),(81,'','EMPTY',NULL,NULL),(82,'','EMPTY',NULL,NULL),(83,'','EMPTY',NULL,NULL),(84,'','EMPTY',NULL,NULL),(85,'','EMPTY',NULL,NULL),(86,'','EMPTY',NULL,NULL),(87,'','EMPTY',NULL,NULL),(88,'','EMPTY',NULL,NULL),(89,'','EMPTY',NULL,NULL),(90,'','EMPTY',NULL,NULL),(91,'','EMPTY',NULL,NULL),(92,'','EMPTY',NULL,NULL),(93,'','EMPTY',NULL,NULL),(94,'','EMPTY',NULL,NULL),(95,'','EMPTY',NULL,NULL),(96,'','EMPTY',NULL,NULL),(97,'','EMPTY',NULL,NULL),(98,'','EMPTY',NULL,NULL),(99,'','EMPTY',NULL,NULL),(100,'','EMPTY',NULL,NULL),(101,'','EMPTY',NULL,NULL),(102,'','EMPTY',NULL,NULL),(103,'','EMPTY',NULL,NULL),(104,'','EMPTY',NULL,NULL),(105,'','EMPTY',NULL,NULL),(106,'','EMPTY',NULL,NULL),(107,'','EMPTY',NULL,NULL),(108,'','EMPTY',NULL,NULL),(109,'','EMPTY',NULL,NULL),(110,'','EMPTY',NULL,NULL),(111,'','EMPTY',NULL,NULL),(112,'','EMPTY',NULL,NULL),(113,'','EMPTY',NULL,NULL),(114,'','EMPTY',NULL,NULL),(115,'','EMPTY',NULL,NULL),(116,'','EMPTY',NULL,NULL),(117,'','EMPTY',NULL,NULL),(118,'','EMPTY',NULL,NULL),(119,'','EMPTY',NULL,NULL),(120,'','EMPTY',NULL,NULL),(121,'','EMPTY',NULL,NULL),(122,'','EMPTY',NULL,NULL),(123,'','EMPTY',NULL,NULL),(124,'','EMPTY',NULL,NULL),(125,'','EMPTY',NULL,NULL),(126,'','EMPTY',NULL,NULL),(127,'','EMPTY',NULL,NULL),(128,'','EMPTY',NULL,NULL),(129,'','EMPTY',NULL,NULL),(130,'','EMPTY',NULL,NULL),(131,'','EMPTY',NULL,NULL),(132,'','EMPTY',NULL,NULL),(133,'','EMPTY',NULL,NULL),(134,'','EMPTY',NULL,NULL),(135,'','EMPTY',NULL,NULL),(136,'','EMPTY',NULL,NULL),(137,'','EMPTY',NULL,NULL),(138,'','EMPTY',NULL,NULL),(139,'','EMPTY',NULL,NULL),(140,'','EMPTY',NULL,NULL),(141,'','EMPTY',NULL,NULL),(142,'','EMPTY',NULL,NULL),(143,'','EMPTY',NULL,NULL),(144,'','EMPTY',NULL,NULL),(145,'','EMPTY',NULL,NULL),(146,'','EMPTY',NULL,NULL),(147,'','EMPTY',NULL,NULL),(148,'','EMPTY',NULL,NULL),(149,'','EMPTY',NULL,NULL),(150,'','EMPTY',NULL,NULL),(151,'','EMPTY',NULL,NULL),(152,'','EMPTY',NULL,NULL),(153,'','EMPTY',NULL,NULL),(154,'','EMPTY',NULL,NULL),(155,'','EMPTY',NULL,NULL),(156,'','EMPTY',NULL,NULL),(157,'','EMPTY',NULL,NULL),(158,'','EMPTY',NULL,NULL),(159,'','EMPTY',NULL,NULL),(160,'','EMPTY',NULL,NULL),(161,'','EMPTY',NULL,NULL),(162,'','EMPTY',NULL,NULL),(163,'','EMPTY',NULL,NULL),(164,'','EMPTY',NULL,NULL),(165,'','EMPTY',NULL,NULL),(166,'','EMPTY',NULL,NULL),(167,'','EMPTY',NULL,NULL),(168,'','EMPTY',NULL,NULL),(169,'','EMPTY',NULL,NULL),(170,'','EMPTY',NULL,NULL),(171,'','EMPTY',NULL,NULL),(172,'','EMPTY',NULL,NULL),(173,'','EMPTY',NULL,NULL),(174,'','EMPTY',NULL,NULL),(175,'','EMPTY',NULL,NULL),(176,'','EMPTY',NULL,NULL),(177,'','EMPTY',NULL,NULL),(178,'','EMPTY',NULL,NULL),(179,'','EMPTY',NULL,NULL),(180,'','EMPTY',NULL,NULL),(181,'','EMPTY',NULL,NULL),(182,'','EMPTY',NULL,NULL),(183,'','EMPTY',NULL,NULL),(184,'','EMPTY',NULL,NULL),(185,'','EMPTY',NULL,NULL),(186,'','EMPTY',NULL,NULL),(187,'','EMPTY',NULL,NULL),(188,'','EMPTY',NULL,NULL),(189,'','EMPTY',NULL,NULL),(190,'','EMPTY',NULL,NULL),(191,'','EMPTY',NULL,NULL),(192,'','EMPTY',NULL,NULL),(193,'','EMPTY',NULL,NULL),(194,'','EMPTY',NULL,NULL),(195,'','EMPTY',NULL,NULL),(196,'','EMPTY',NULL,NULL),(197,'','EMPTY',NULL,NULL),(198,'','EMPTY',NULL,NULL),(199,'','EMPTY',NULL,NULL),(200,'','EMPTY',NULL,NULL),(201,'','EMPTY',NULL,NULL),(202,'','EMPTY',NULL,NULL),(203,'','EMPTY',NULL,NULL),(204,'','EMPTY',NULL,NULL),(205,'','EMPTY',NULL,NULL),(206,'','EMPTY',NULL,NULL),(207,'','EMPTY',NULL,NULL),(208,'','EMPTY',NULL,NULL),(209,'','EMPTY',NULL,NULL),(210,'','EMPTY',NULL,NULL),(211,'','EMPTY',NULL,NULL),(212,'','EMPTY',NULL,NULL),(213,'','EMPTY',NULL,NULL),(214,'','EMPTY',NULL,NULL),(215,'','EMPTY',NULL,NULL),(216,'','EMPTY',NULL,NULL),(217,'','EMPTY',NULL,NULL),(218,'','EMPTY',NULL,NULL),(219,'','EMPTY',NULL,NULL),(220,'','EMPTY',NULL,NULL),(221,'','EMPTY',NULL,NULL),(222,'','EMPTY',NULL,NULL),(223,'','EMPTY',NULL,NULL),(224,'','EMPTY',NULL,NULL),(225,'','EMPTY',NULL,NULL),(226,'','EMPTY',NULL,NULL),(227,'','EMPTY',NULL,NULL),(228,'','EMPTY',NULL,NULL),(229,'','EMPTY',NULL,NULL),(230,'','EMPTY',NULL,NULL),(231,'','EMPTY',NULL,NULL),(232,'','EMPTY',NULL,NULL),(233,'','EMPTY',NULL,NULL),(234,'','EMPTY',NULL,NULL),(235,'','EMPTY',NULL,NULL),(236,'','EMPTY',NULL,NULL),(237,'','EMPTY',NULL,NULL),(238,'','EMPTY',NULL,NULL),(239,'','EMPTY',NULL,NULL),(240,'','EMPTY',NULL,NULL),(241,'','EMPTY',NULL,NULL),(242,'','EMPTY',NULL,NULL),(243,'','EMPTY',NULL,NULL),(244,'','EMPTY',NULL,NULL),(245,'','EMPTY',NULL,NULL),(246,'','EMPTY',NULL,NULL),(247,'','EMPTY',NULL,NULL),(248,'','EMPTY',NULL,NULL),(249,'','EMPTY',NULL,NULL),(250,'','EMPTY',NULL,NULL),(251,'','EMPTY',NULL,NULL),(252,'','EMPTY',NULL,NULL),(253,'','EMPTY',NULL,NULL),(254,'','EMPTY',NULL,NULL),(255,'','EMPTY',NULL,NULL),(256,'','EMPTY',NULL,NULL),(257,'','EMPTY',NULL,NULL),(258,'','EMPTY',NULL,NULL),(259,'','EMPTY',NULL,NULL),(260,'','EMPTY',NULL,NULL),(261,'','EMPTY',NULL,NULL),(262,'','EMPTY',NULL,NULL),(263,'','EMPTY',NULL,NULL),(264,'','EMPTY',NULL,NULL),(265,'','EMPTY',NULL,NULL),(266,'','EMPTY',NULL,NULL),(267,'','EMPTY',NULL,NULL),(268,'','EMPTY',NULL,NULL),(269,'','EMPTY',NULL,NULL),(270,'','EMPTY',NULL,NULL),(271,'','EMPTY',NULL,NULL),(272,'','EMPTY',NULL,NULL),(273,'','EMPTY',NULL,NULL),(274,'','EMPTY',NULL,NULL),(275,'','EMPTY',NULL,NULL),(276,'','EMPTY',NULL,NULL),(277,'','EMPTY',NULL,NULL),(278,'','EMPTY',NULL,NULL),(279,'','EMPTY',NULL,NULL),(280,'','EMPTY',NULL,NULL),(281,'','EMPTY',NULL,NULL),(282,'','EMPTY',NULL,NULL),(283,'','EMPTY',NULL,NULL),(284,'','EMPTY',NULL,NULL),(285,'','EMPTY',NULL,NULL),(286,'','EMPTY',NULL,NULL),(287,'','EMPTY',NULL,NULL),(288,'','EMPTY',NULL,NULL),(289,'','EMPTY',NULL,NULL),(290,'','EMPTY',NULL,NULL),(291,'','EMPTY',NULL,NULL),(292,'','EMPTY',NULL,NULL),(293,'','EMPTY',NULL,NULL),(294,'','EMPTY',NULL,NULL),(295,'','EMPTY',NULL,NULL),(296,'','EMPTY',NULL,NULL),(297,'','EMPTY',NULL,NULL),(298,'','EMPTY',NULL,NULL),(299,'','EMPTY',NULL,NULL),(300,'','EMPTY',NULL,NULL),(301,'','EMPTY',NULL,NULL),(302,'','EMPTY',NULL,NULL),(303,'','EMPTY',NULL,NULL),(304,'','EMPTY',NULL,NULL),(305,'','EMPTY',NULL,NULL),(306,'','EMPTY',NULL,NULL),(307,'','EMPTY',NULL,NULL),(308,'','EMPTY',NULL,NULL),(309,'','EMPTY',NULL,NULL),(310,'','EMPTY',NULL,NULL),(311,'','EMPTY',NULL,NULL),(312,'','EMPTY',NULL,NULL),(313,'','EMPTY',NULL,NULL),(314,'','EMPTY',NULL,NULL),(315,'','EMPTY',NULL,NULL),(316,'','EMPTY',NULL,NULL),(317,'','EMPTY',NULL,NULL),(318,'','EMPTY',NULL,NULL),(319,'','EMPTY',NULL,NULL),(320,'','EMPTY',NULL,NULL),(321,'','EMPTY',NULL,NULL),(322,'','EMPTY',NULL,NULL),(323,'','EMPTY',NULL,NULL),(324,'','EMPTY',NULL,NULL),(325,'','EMPTY',NULL,NULL),(326,'','EMPTY',NULL,NULL),(327,'','EMPTY',NULL,NULL),(328,'','EMPTY',NULL,NULL),(329,'','EMPTY',NULL,NULL),(330,'','EMPTY',NULL,NULL),(331,'','EMPTY',NULL,NULL),(332,'','EMPTY',NULL,NULL),(333,'','EMPTY',NULL,NULL),(334,'','EMPTY',NULL,NULL),(335,'','EMPTY',NULL,NULL),(336,'','EMPTY',NULL,NULL),(337,'','EMPTY',NULL,NULL),(338,'','EMPTY',NULL,NULL),(339,'','EMPTY',NULL,NULL),(340,'','EMPTY',NULL,NULL),(341,'','EMPTY',NULL,NULL),(342,'','EMPTY',NULL,NULL),(343,'','EMPTY',NULL,NULL),(344,'','EMPTY',NULL,NULL),(345,'','EMPTY',NULL,NULL),(346,'','EMPTY',NULL,NULL),(347,'','EMPTY',NULL,NULL),(348,'','EMPTY',NULL,NULL),(349,'','EMPTY',NULL,NULL),(350,'','EMPTY',NULL,NULL),(351,'','EMPTY',NULL,NULL),(352,'','EMPTY',NULL,NULL),(353,'','EMPTY',NULL,NULL),(354,'','EMPTY',NULL,NULL),(355,'','EMPTY',NULL,NULL),(356,'','EMPTY',NULL,NULL),(357,'','EMPTY',NULL,NULL),(358,'','EMPTY',NULL,NULL),(359,'','EMPTY',NULL,NULL),(360,'','EMPTY',NULL,NULL),(361,'','EMPTY',NULL,NULL),(362,'','EMPTY',NULL,NULL),(363,'','EMPTY',NULL,NULL),(364,'','EMPTY',NULL,NULL),(365,'','EMPTY',NULL,NULL),(366,'','EMPTY',NULL,NULL),(367,'','EMPTY',NULL,NULL),(368,'','EMPTY',NULL,NULL),(369,'','EMPTY',NULL,NULL),(370,'','EMPTY',NULL,NULL),(371,'','EMPTY',NULL,NULL),(372,'','EMPTY',NULL,NULL),(373,'','EMPTY',NULL,NULL),(374,'','EMPTY',NULL,NULL),(375,'','EMPTY',NULL,NULL),(376,'','EMPTY',NULL,NULL),(377,'','EMPTY',NULL,NULL),(378,'','EMPTY',NULL,NULL),(379,'','EMPTY',NULL,NULL),(380,'','EMPTY',NULL,NULL),(381,'','EMPTY',NULL,NULL),(382,'','EMPTY',NULL,NULL),(383,'','EMPTY',NULL,NULL),(384,'','EMPTY',NULL,NULL),(385,'','EMPTY',NULL,NULL),(386,'','EMPTY',NULL,NULL),(387,'','EMPTY',NULL,NULL),(388,'','EMPTY',NULL,NULL),(389,'','EMPTY',NULL,NULL),(390,'','EMPTY',NULL,NULL),(391,'','EMPTY',NULL,NULL),(392,'','EMPTY',NULL,NULL),(393,'','EMPTY',NULL,NULL),(394,'','EMPTY',NULL,NULL),(395,'','EMPTY',NULL,NULL),(396,'','EMPTY',NULL,NULL),(397,'','EMPTY',NULL,NULL),(398,'','EMPTY',NULL,NULL),(399,'','EMPTY',NULL,NULL),(400,'','EMPTY',NULL,NULL),(401,'','EMPTY',NULL,NULL),(402,'','EMPTY',NULL,NULL),(403,'','EMPTY',NULL,NULL),(404,'','EMPTY',NULL,NULL),(405,'','EMPTY',NULL,NULL),(406,'','EMPTY',NULL,NULL),(407,'','EMPTY',NULL,NULL),(408,'','EMPTY',NULL,NULL),(409,'','EMPTY',NULL,NULL),(410,'','EMPTY',NULL,NULL),(411,'','EMPTY',NULL,NULL),(412,'','EMPTY',NULL,NULL),(413,'','EMPTY',NULL,NULL),(414,'','EMPTY',NULL,NULL),(415,'','EMPTY',NULL,NULL),(416,'','EMPTY',NULL,NULL),(417,'','EMPTY',NULL,NULL),(418,'','EMPTY',NULL,NULL),(419,'','EMPTY',NULL,NULL),(420,'','EMPTY',NULL,NULL),(421,'','EMPTY',NULL,NULL),(422,'','EMPTY',NULL,NULL),(423,'','EMPTY',NULL,NULL),(424,'','EMPTY',NULL,NULL),(425,'','EMPTY',NULL,NULL),(426,'','EMPTY',NULL,NULL),(427,'','EMPTY',NULL,NULL),(428,'','EMPTY',NULL,NULL),(429,'','EMPTY',NULL,NULL),(430,'','EMPTY',NULL,NULL),(431,'','EMPTY',NULL,NULL),(432,'','EMPTY',NULL,NULL),(433,'','EMPTY',NULL,NULL),(434,'','EMPTY',NULL,NULL),(435,'','EMPTY',NULL,NULL),(436,'','EMPTY',NULL,NULL),(437,'','EMPTY',NULL,NULL),(438,'','EMPTY',NULL,NULL),(439,'','EMPTY',NULL,NULL),(440,'','EMPTY',NULL,NULL),(441,'','EMPTY',NULL,NULL),(442,'','EMPTY',NULL,NULL),(443,'','EMPTY',NULL,NULL),(444,'','EMPTY',NULL,NULL),(445,'','EMPTY',NULL,NULL),(446,'','EMPTY',NULL,NULL),(447,'','EMPTY',NULL,NULL),(448,'','EMPTY',NULL,NULL),(449,'','EMPTY',NULL,NULL),(450,'','EMPTY',NULL,NULL),(451,'','EMPTY',NULL,NULL),(452,'','EMPTY',NULL,NULL),(453,'','EMPTY',NULL,NULL),(454,'','EMPTY',NULL,NULL),(455,'','EMPTY',NULL,NULL),(456,'','EMPTY',NULL,NULL),(457,'','EMPTY',NULL,NULL),(458,'','EMPTY',NULL,NULL),(459,'','EMPTY',NULL,NULL),(460,'','EMPTY',NULL,NULL),(461,'','EMPTY',NULL,NULL),(462,'','EMPTY',NULL,NULL),(463,'','EMPTY',NULL,NULL),(464,'','EMPTY',NULL,NULL),(465,'','EMPTY',NULL,NULL),(466,'','EMPTY',NULL,NULL),(467,'','EMPTY',NULL,NULL),(468,'','EMPTY',NULL,NULL),(469,'','EMPTY',NULL,NULL),(470,'','EMPTY',NULL,NULL),(471,'','EMPTY',NULL,NULL),(472,'','EMPTY',NULL,NULL),(473,'','EMPTY',NULL,NULL),(474,'','EMPTY',NULL,NULL),(475,'','EMPTY',NULL,NULL),(476,'','EMPTY',NULL,NULL),(477,'','EMPTY',NULL,NULL),(478,'','EMPTY',NULL,NULL),(479,'','EMPTY',NULL,NULL),(480,'','EMPTY',NULL,NULL),(481,'','EMPTY',NULL,NULL),(482,'','EMPTY',NULL,NULL),(483,'','EMPTY',NULL,NULL),(484,'','EMPTY',NULL,NULL),(485,'','EMPTY',NULL,NULL),(486,'','EMPTY',NULL,NULL),(487,'','EMPTY',NULL,NULL),(488,'','EMPTY',NULL,NULL),(489,'','EMPTY',NULL,NULL),(490,'','EMPTY',NULL,NULL),(491,'','EMPTY',NULL,NULL),(492,'','EMPTY',NULL,NULL),(493,'','EMPTY',NULL,NULL),(494,'','EMPTY',NULL,NULL),(495,'','EMPTY',NULL,NULL),(496,'','EMPTY',NULL,NULL),(497,'','EMPTY',NULL,NULL),(498,'','EMPTY',NULL,NULL),(499,'','EMPTY',NULL,NULL),(500,'','EMPTY',NULL,NULL),(501,'','EMPTY',NULL,NULL),(502,'','EMPTY',NULL,NULL),(503,'','EMPTY',NULL,NULL),(504,'','EMPTY',NULL,NULL),(505,'','EMPTY',NULL,NULL),(506,'','EMPTY',NULL,NULL),(507,'','EMPTY',NULL,NULL),(508,'','EMPTY',NULL,NULL),(509,'','EMPTY',NULL,NULL),(510,'','EMPTY',NULL,NULL),(511,'','EMPTY',NULL,NULL),(512,'','EMPTY',NULL,NULL),(513,'','EMPTY',NULL,NULL),(514,'','EMPTY',NULL,NULL),(515,'','EMPTY',NULL,NULL),(516,'','EMPTY',NULL,NULL),(517,'','EMPTY',NULL,NULL),(518,'','EMPTY',NULL,NULL),(519,'','EMPTY',NULL,NULL),(520,'','EMPTY',NULL,NULL),(521,'','EMPTY',NULL,NULL),(522,'','EMPTY',NULL,NULL),(523,'','EMPTY',NULL,NULL),(524,'','EMPTY',NULL,NULL),(525,'','EMPTY',NULL,NULL),(526,'','EMPTY',NULL,NULL),(527,'','EMPTY',NULL,NULL),(528,'','EMPTY',NULL,NULL),(529,'','EMPTY',NULL,NULL),(530,'','EMPTY',NULL,NULL),(531,'','EMPTY',NULL,NULL),(532,'','EMPTY',NULL,NULL),(533,'','EMPTY',NULL,NULL),(534,'','EMPTY',NULL,NULL),(535,'','EMPTY',NULL,NULL),(536,'','EMPTY',NULL,NULL),(537,'','EMPTY',NULL,NULL),(538,'','EMPTY',NULL,NULL),(539,'','EMPTY',NULL,NULL),(540,'','EMPTY',NULL,NULL),(541,'','EMPTY',NULL,NULL),(542,'','EMPTY',NULL,NULL),(543,'','EMPTY',NULL,NULL),(544,'','EMPTY',NULL,NULL),(545,'','EMPTY',NULL,NULL),(546,'','EMPTY',NULL,NULL),(547,'','EMPTY',NULL,NULL),(548,'','EMPTY',NULL,NULL),(549,'','EMPTY',NULL,NULL),(550,'','EMPTY',NULL,NULL),(551,'','EMPTY',NULL,NULL),(552,'','EMPTY',NULL,NULL),(553,'','EMPTY',NULL,NULL),(554,'','EMPTY',NULL,NULL),(555,'','EMPTY',NULL,NULL),(556,'','EMPTY',NULL,NULL),(557,'','EMPTY',NULL,NULL),(558,'','EMPTY',NULL,NULL),(559,'','EMPTY',NULL,NULL),(560,'','EMPTY',NULL,NULL),(561,'','EMPTY',NULL,NULL),(562,'','EMPTY',NULL,NULL),(563,'','EMPTY',NULL,NULL),(564,'','EMPTY',NULL,NULL),(565,'','EMPTY',NULL,NULL),(566,'','EMPTY',NULL,NULL),(567,'','EMPTY',NULL,NULL),(568,'','EMPTY',NULL,NULL),(569,'','EMPTY',NULL,NULL),(570,'','EMPTY',NULL,NULL),(571,'','EMPTY',NULL,NULL),(572,'','EMPTY',NULL,NULL),(573,'','EMPTY',NULL,NULL),(574,'','EMPTY',NULL,NULL),(575,'','EMPTY',NULL,NULL),(576,'','EMPTY',NULL,NULL),(577,'','EMPTY',NULL,NULL),(578,'','EMPTY',NULL,NULL),(579,'','EMPTY',NULL,NULL),(580,'','EMPTY',NULL,NULL),(581,'','EMPTY',NULL,NULL),(582,'','EMPTY',NULL,NULL),(583,'','EMPTY',NULL,NULL),(584,'','EMPTY',NULL,NULL),(585,'','EMPTY',NULL,NULL),(586,'','EMPTY',NULL,NULL),(587,'','EMPTY',NULL,NULL),(588,'','EMPTY',NULL,NULL),(589,'','EMPTY',NULL,NULL),(590,'','EMPTY',NULL,NULL),(591,'','EMPTY',NULL,NULL),(592,'','EMPTY',NULL,NULL),(593,'','EMPTY',NULL,NULL),(594,'','EMPTY',NULL,NULL),(595,'','EMPTY',NULL,NULL),(596,'','EMPTY',NULL,NULL),(597,'','EMPTY',NULL,NULL),(598,'','EMPTY',NULL,NULL),(599,'','EMPTY',NULL,NULL),(600,'','EMPTY',NULL,NULL),(601,'','EMPTY',NULL,NULL),(602,'','EMPTY',NULL,NULL),(603,'','EMPTY',NULL,NULL),(604,'','EMPTY',NULL,NULL),(605,'','EMPTY',NULL,NULL),(606,'','EMPTY',NULL,NULL),(607,'','EMPTY',NULL,NULL),(608,'','EMPTY',NULL,NULL),(609,'','EMPTY',NULL,NULL),(610,'','EMPTY',NULL,NULL),(611,'','EMPTY',NULL,NULL),(612,'','EMPTY',NULL,NULL),(613,'','EMPTY',NULL,NULL),(614,'','EMPTY',NULL,NULL),(615,'','EMPTY',NULL,NULL),(616,'','EMPTY',NULL,NULL),(617,'','EMPTY',NULL,NULL),(618,'','EMPTY',NULL,NULL),(619,'','EMPTY',NULL,NULL),(620,'','EMPTY',NULL,NULL),(621,'','EMPTY',NULL,NULL),(622,'','EMPTY',NULL,NULL),(623,'','EMPTY',NULL,NULL),(624,'','EMPTY',NULL,NULL),(625,'','EMPTY',NULL,NULL),(626,'','EMPTY',NULL,NULL),(627,'','EMPTY',NULL,NULL),(628,'','EMPTY',NULL,NULL),(629,'','EMPTY',NULL,NULL),(630,'','EMPTY',NULL,NULL),(631,'','EMPTY',NULL,NULL),(632,'','EMPTY',NULL,NULL),(633,'','EMPTY',NULL,NULL),(634,'','EMPTY',NULL,NULL),(635,'','EMPTY',NULL,NULL),(636,'','EMPTY',NULL,NULL),(637,'','EMPTY',NULL,NULL),(638,'','EMPTY',NULL,NULL),(639,'','EMPTY',NULL,NULL),(640,'','EMPTY',NULL,NULL),(641,'','EMPTY',NULL,NULL),(642,'','EMPTY',NULL,NULL),(643,'','EMPTY',NULL,NULL),(644,'','EMPTY',NULL,NULL),(645,'','EMPTY',NULL,NULL),(646,'','EMPTY',NULL,NULL),(647,'','EMPTY',NULL,NULL),(648,'','EMPTY',NULL,NULL),(649,'','EMPTY',NULL,NULL),(650,'','EMPTY',NULL,NULL),(651,'','EMPTY',NULL,NULL),(652,'','EMPTY',NULL,NULL),(653,'','EMPTY',NULL,NULL),(654,'','EMPTY',NULL,NULL),(655,'','EMPTY',NULL,NULL),(656,'','EMPTY',NULL,NULL),(657,'','EMPTY',NULL,NULL),(658,'','EMPTY',NULL,NULL),(659,'','EMPTY',NULL,NULL),(660,'','EMPTY',NULL,NULL),(661,'','EMPTY',NULL,NULL),(662,'','EMPTY',NULL,NULL),(663,'','EMPTY',NULL,NULL),(664,'','EMPTY',NULL,NULL),(665,'','EMPTY',NULL,NULL),(666,'','EMPTY',NULL,NULL),(667,'','EMPTY',NULL,NULL),(668,'','EMPTY',NULL,NULL),(669,'','EMPTY',NULL,NULL),(670,'','EMPTY',NULL,NULL),(671,'','EMPTY',NULL,NULL),(672,'','EMPTY',NULL,NULL),(673,'','EMPTY',NULL,NULL),(674,'','EMPTY',NULL,NULL),(675,'','EMPTY',NULL,NULL),(676,'','EMPTY',NULL,NULL),(677,'','EMPTY',NULL,NULL),(678,'','EMPTY',NULL,NULL),(679,'','EMPTY',NULL,NULL),(680,'','EMPTY',NULL,NULL),(681,'','EMPTY',NULL,NULL),(682,'','EMPTY',NULL,NULL),(683,'','EMPTY',NULL,NULL),(684,'','EMPTY',NULL,NULL),(685,'','EMPTY',NULL,NULL),(686,'','EMPTY',NULL,NULL),(687,'','EMPTY',NULL,NULL),(688,'','EMPTY',NULL,NULL),(689,'','EMPTY',NULL,NULL),(690,'','EMPTY',NULL,NULL),(691,'','EMPTY',NULL,NULL),(692,'','EMPTY',NULL,NULL),(693,'','EMPTY',NULL,NULL),(694,'','EMPTY',NULL,NULL),(695,'','EMPTY',NULL,NULL),(696,'','EMPTY',NULL,NULL),(697,'','EMPTY',NULL,NULL),(698,'','EMPTY',NULL,NULL),(699,'','EMPTY',NULL,NULL),(700,'','EMPTY',NULL,NULL),(701,'','EMPTY',NULL,NULL),(702,'','EMPTY',NULL,NULL),(703,'','EMPTY',NULL,NULL),(704,'','EMPTY',NULL,NULL),(705,'','EMPTY',NULL,NULL),(706,'','EMPTY',NULL,NULL),(707,'','EMPTY',NULL,NULL),(708,'','EMPTY',NULL,NULL),(709,'','EMPTY',NULL,NULL),(710,'','EMPTY',NULL,NULL),(711,'','EMPTY',NULL,NULL),(712,'','EMPTY',NULL,NULL),(713,'','EMPTY',NULL,NULL),(714,'','EMPTY',NULL,NULL),(715,'','EMPTY',NULL,NULL),(716,'','EMPTY',NULL,NULL),(717,'','EMPTY',NULL,NULL),(718,'','EMPTY',NULL,NULL),(719,'','EMPTY',NULL,NULL),(720,'','EMPTY',NULL,NULL),(721,'','EMPTY',NULL,NULL),(722,'','EMPTY',NULL,NULL),(723,'','EMPTY',NULL,NULL),(724,'','EMPTY',NULL,NULL),(725,'','EMPTY',NULL,NULL),(726,'','EMPTY',NULL,NULL),(727,'','EMPTY',NULL,NULL),(728,'','EMPTY',NULL,NULL),(729,'','EMPTY',NULL,NULL);
/*!40000 ALTER TABLE `bin` ENABLE KEYS */;
UNLOCK TABLES;

--
-- Table structure for table `harvester`
--

DROP TABLE IF EXISTS `harvester`;
/*!40101 SET @saved_cs_client     = @@character_set_client */;
/*!50503 SET character_set_client = utf8mb4 */;
CREATE TABLE `harvester` (
  `harvesterID` int NOT NULL AUTO_INCREMENT,
  `harvesterName` varchar(255) DEFAULT NULL,
  PRIMARY KEY (`harvesterID`),
  UNIQUE KEY `idHarvester_UNIQUE` (`harvesterID`)
) ENGINE=InnoDB AUTO_INCREMENT=21 DEFAULT CHARSET=utf8mb4 COLLATE=utf8mb4_0900_ai_ci COMMENT='List of Harvester';
/*!40101 SET character_set_client = @saved_cs_client */;

--
-- Dumping data for table `harvester`
--

LOCK TABLES `harvester` WRITE;
/*!40000 ALTER TABLE `harvester` DISABLE KEYS */;
INSERT INTO `harvester` VALUES (1,'Harvester1'),(2,'Harvester2'),(3,'Harvester3'),(4,'Harvester4'),(5,'JohnDeere'),(6,'JohnDeere1'),(7,'JohnDeer2'),(8,'MartyMcMills Group'),(9,'TrevorsGroupLtd'),(10,'BundabergGroup'),(11,'AgriGroupQLD'),(12,'FarmTeamQLD'),(13,'FNQHarvestGroup'),(14,'FrankyHarvesters'),(15,'MossGroup'),(16,'CarinsSugarGroup'),(17,'ToolGroup'),(18,'HenryQLD'),(19,'JarrodFNQLtd'),(20,'GrowersGroup');
/*!40000 ALTER TABLE `harvester` ENABLE KEYS */;
UNLOCK TABLES;

--
-- Table structure for table `locomotive`
--

DROP TABLE IF EXISTS `locomotive`;
/*!40101 SET @saved_cs_client     = @@character_set_client */;
/*!50503 SET character_set_client = utf8mb4 */;
CREATE TABLE `locomotive` (
  `locoID` int NOT NULL AUTO_INCREMENT,
  `locoName` varchar(255) DEFAULT NULL,
  PRIMARY KEY (`locoID`),
  UNIQUE KEY `idLocomotive_UNIQUE` (`locoID`)
) ENGINE=InnoDB AUTO_INCREMENT=21 DEFAULT CHARSET=utf8mb4 COLLATE=utf8mb4_0900_ai_ci COMMENT='list of locomotive';
/*!40101 SET character_set_client = @saved_cs_client */;

--
-- Dumping data for table `locomotive`
--

LOCK TABLES `locomotive` WRITE;
/*!40000 ALTER TABLE `locomotive` DISABLE KEYS */;
INSERT INTO `locomotive` VALUES (1,'Loco 1'),(2,'Loco 2'),(3,'Loco 3'),(4,'Loco 4'),(5,'Loco 5'),(6,'Loco 6'),(7,'Loco 7'),(8,'Loco 8'),(9,'Loco 9'),(10,'Loco 10'),(11,'Loco 11'),(12,'Loco 12'),(13,'Loco 13'),(14,'Loco 14'),(15,'Loco 15'),(16,'Loco 16'),(17,'Loco 17'),(18,'Loco 18'),(19,'Loco 19'),(20,'Loco 20');
/*!40000 ALTER TABLE `locomotive` ENABLE KEYS */;
UNLOCK TABLES;

--
-- Table structure for table `siding`
--

DROP TABLE IF EXISTS `siding`;
/*!40101 SET @saved_cs_client     = @@character_set_client */;
/*!50503 SET character_set_client = utf8mb4 */;
CREATE TABLE `siding` (
  `sidingID` int NOT NULL AUTO_INCREMENT,
  `sidingName` varchar(255) NOT NULL,
  PRIMARY KEY (`sidingID`),
  UNIQUE KEY `idSiding_UNIQUE` (`sidingID`)
) ENGINE=InnoDB AUTO_INCREMENT=24 DEFAULT CHARSET=utf8mb4 COLLATE=utf8mb4_0900_ai_ci COMMENT='list of Siding';
/*!40101 SET character_set_client = @saved_cs_client */;

--
-- Dumping data for table `siding`
--

LOCK TABLES `siding` WRITE;
/*!40000 ALTER TABLE `siding` DISABLE KEYS */;
INSERT INTO `siding` VALUES (1,'Mossman Line1'),(2,'Mossman Line2'),(3,'Mossman Line3'),(4,'Mossman Line4'),(7,'Mossmane line7'),(8,'Mossman Line8'),(9,'Mossman Line9'),(10,'Mossman Line10'),(11,'asdf'),(12,'123456789'),(16,'1'),(17,'3'),(18,'5'),(19,'12'),(20,'56'),(21,'77'),(22,'16'),(23,'19');
/*!40000 ALTER TABLE `siding` ENABLE KEYS */;
UNLOCK TABLES;

--
-- Table structure for table `transactionlog`
--

DROP TABLE IF EXISTS `transactionlog`;
/*!40101 SET @saved_cs_client     = @@character_set_client */;
/*!50503 SET character_set_client = utf8mb4 */;
CREATE TABLE `transactionlog` (
  `transactionID` int NOT NULL AUTO_INCREMENT,
  `transactionTime` datetime NOT NULL DEFAULT CURRENT_TIMESTAMP,
  `userID` int NOT NULL,
  `binID` int NOT NULL,
  `harvesterID` int DEFAULT NULL,
  `sidingID` int DEFAULT NULL,
  `locoID` int DEFAULT NULL,
  `type` enum('FILLED','EMPTIED','PICKED_UP','DROPPED_OFF') NOT NULL,
  PRIMARY KEY (`transactionID`),
  UNIQUE KEY `transactionNumber` (`transactionID`),
  KEY `transactionlog_harvester_harvesterID_fk` (`harvesterID`),
  KEY `transactionlog_locomotive_locoID_fk` (`locoID`),
  KEY `transactionlog_bin_binID_fk` (`binID`),
  KEY `transactionlog_siding_sidingID_fk` (`sidingID`),
  KEY `transactionlog_users_userID_fk` (`userID`),
  CONSTRAINT `transactionlog_bin_binID_fk` FOREIGN KEY (`binID`) REFERENCES `bin` (`binID`),
  CONSTRAINT `transactionlog_harvester_harvesterID_fk` FOREIGN KEY (`harvesterID`) REFERENCES `harvester` (`harvesterID`),
  CONSTRAINT `transactionlog_locomotive_locoID_fk` FOREIGN KEY (`locoID`) REFERENCES `locomotive` (`locoID`),
  CONSTRAINT `transactionlog_siding_sidingID_fk` FOREIGN KEY (`sidingID`) REFERENCES `siding` (`sidingID`),
  CONSTRAINT `transactionlog_users_userID_fk` FOREIGN KEY (`userID`) REFERENCES `users` (`userID`)
) ENGINE=InnoDB AUTO_INCREMENT=730 DEFAULT CHARSET=utf8mb4 COLLATE=utf8mb4_0900_ai_ci;
/*!40101 SET character_set_client = @saved_cs_client */;

--
-- Dumping data for table `transactionlog`
--

LOCK TABLES `transactionlog` WRITE;
/*!40000 ALTER TABLE `transactionlog` DISABLE KEYS */;
INSERT INTO `transactionlog` VALUES (1,'2023-05-29 15:46:45',1,1,NULL,NULL,1,'DROPPED_OFF'),(2,'2023-05-29 15:46:45',1,2,NULL,NULL,1,'DROPPED_OFF'),(3,'2023-05-29 15:46:45',1,3,NULL,NULL,1,'DROPPED_OFF'),(4,'2023-05-29 15:46:45',1,4,3,NULL,NULL,'FILLED'),(5,'2023-05-29 15:46:45',1,5,3,NULL,NULL,'FILLED'),(6,'2023-05-29 15:46:45',1,6,3,NULL,NULL,'FILLED'),(7,'2023-05-29 15:46:45',1,7,3,NULL,NULL,'FILLED'),(8,'2023-05-29 15:46:45',1,8,3,NULL,NULL,'FILLED'),(9,'2023-05-29 15:46:45',1,9,3,NULL,NULL,'FILLED'),(10,'2023-05-29 15:46:45',1,10,3,NULL,NULL,'FILLED'),(11,'2023-05-29 15:46:45',1,11,1,NULL,NULL,'FILLED'),(12,'2023-05-29 15:46:45',1,12,1,NULL,NULL,'FILLED'),(13,'2023-05-29 15:46:45',1,13,1,NULL,NULL,'FILLED'),(14,'2023-05-29 15:46:45',1,14,1,NULL,NULL,'FILLED'),(15,'2023-05-29 15:46:45',1,15,1,NULL,NULL,'FILLED'),(16,'2023-05-29 15:46:45',1,16,NULL,3,1,'DROPPED_OFF'),(17,'2023-05-29 15:46:45',1,17,NULL,3,1,'DROPPED_OFF'),(18,'2023-05-29 15:46:45',1,18,NULL,3,1,'DROPPED_OFF'),(19,'2023-05-29 15:46:45',1,19,NULL,3,1,'PICKED_UP'),(20,'2023-05-29 15:46:45',1,20,NULL,3,1,'PICKED_UP'),(21,'2023-05-29 15:46:45',2,21,1,3,2,'PICKED_UP'),(22,'2023-05-29 15:46:45',2,22,1,3,2,'PICKED_UP'),(23,'2023-05-29 15:46:45',2,23,1,3,2,'PICKED_UP'),(24,'2023-05-29 15:46:45',2,24,1,3,2,'DROPPED_OFF'),(25,'2023-05-29 15:46:45',2,25,1,3,2,'DROPPED_OFF'),(26,'2023-05-29 15:46:45',2,26,1,3,2,'DROPPED_OFF'),(27,'2023-05-29 15:46:45',2,27,1,1,3,'DROPPED_OFF'),(28,'2023-05-29 15:46:45',2,28,1,1,3,'DROPPED_OFF'),(29,'2023-05-29 15:46:45',2,29,1,1,3,'DROPPED_OFF'),(30,'2023-05-29 15:46:45',2,30,1,1,3,'DROPPED_OFF'),(31,'2023-05-29 15:46:45',3,31,2,1,NULL,'DROPPED_OFF'),(32,'2023-05-29 15:46:45',3,32,2,1,NULL,'DROPPED_OFF'),(33,'2023-05-29 15:46:45',3,33,2,1,NULL,'DROPPED_OFF'),(34,'2023-05-29 15:46:45',3,34,2,1,NULL,'DROPPED_OFF'),(35,'2023-05-29 15:46:45',3,35,2,1,NULL,'DROPPED_OFF'),(36,'2023-05-29 15:46:45',3,36,2,1,NULL,'DROPPED_OFF'),(37,'2023-05-29 15:46:45',3,37,2,1,NULL,'DROPPED_OFF'),(38,'2023-05-29 15:46:45',3,38,2,1,NULL,'DROPPED_OFF'),(39,'2023-05-29 15:46:45',3,39,2,1,NULL,'DROPPED_OFF'),(40,'2023-05-29 15:46:45',3,40,2,1,NULL,'DROPPED_OFF'),(41,'2023-05-29 15:46:45',3,41,2,1,NULL,'DROPPED_OFF'),(42,'2023-05-29 15:46:45',5,42,2,1,NULL,'DROPPED_OFF'),(43,'2023-05-29 15:46:45',5,43,2,1,NULL,'DROPPED_OFF'),(44,'2023-05-29 15:46:45',5,44,2,1,NULL,'DROPPED_OFF'),(45,'2023-05-29 15:46:45',5,45,2,1,NULL,'DROPPED_OFF'),(46,'2023-05-29 15:46:45',5,46,2,1,NULL,'DROPPED_OFF'),(47,'2023-05-29 15:46:45',5,47,2,1,NULL,'DROPPED_OFF'),(48,'2023-05-29 15:46:45',5,48,2,1,NULL,'DROPPED_OFF'),(49,'2023-05-29 15:46:45',5,49,2,1,NULL,'DROPPED_OFF'),(50,'2023-05-29 15:46:45',5,50,2,1,NULL,'DROPPED_OFF'),(51,'2023-05-29 15:46:45',5,51,3,1,2,'DROPPED_OFF'),(52,'2023-05-29 15:46:45',5,52,3,1,2,'DROPPED_OFF'),(53,'2023-05-29 15:46:45',5,53,3,1,2,'DROPPED_OFF'),(54,'2023-05-29 15:46:45',5,54,3,1,2,'DROPPED_OFF'),(55,'2023-05-29 15:46:45',5,55,3,1,2,'DROPPED_OFF'),(56,'2023-05-29 15:46:45',5,56,3,1,2,'DROPPED_OFF'),(57,'2023-05-29 15:46:45',5,57,3,1,2,'DROPPED_OFF'),(58,'2023-05-29 15:46:45',5,58,3,1,2,'DROPPED_OFF'),(59,'2023-05-29 15:46:45',5,59,3,1,2,'DROPPED_OFF'),(60,'2023-05-29 15:46:45',5,60,3,1,2,'DROPPED_OFF'),(61,'2023-05-29 15:46:45',5,61,3,1,2,'DROPPED_OFF'),(62,'2023-05-29 15:46:45',5,62,3,1,2,'DROPPED_OFF'),(63,'2023-05-29 15:46:45',5,63,3,1,2,'DROPPED_OFF'),(64,'2023-05-29 15:46:45',5,64,3,1,2,'DROPPED_OFF'),(65,'2023-05-29 15:46:45',5,65,3,1,2,'DROPPED_OFF'),(66,'2023-05-29 15:46:45',5,66,3,1,2,'DROPPED_OFF'),(67,'2023-05-29 15:46:45',5,67,3,1,2,'DROPPED_OFF'),(68,'2023-05-29 15:46:45',5,68,3,1,2,'DROPPED_OFF'),(69,'2023-05-29 15:46:45',5,69,3,1,2,'DROPPED_OFF'),(70,'2023-05-29 15:46:45',5,70,3,1,2,'DROPPED_OFF'),(71,'2023-05-29 15:46:45',1,71,4,2,3,'DROPPED_OFF'),(72,'2023-05-29 15:46:45',1,72,4,2,3,'DROPPED_OFF'),(73,'2023-05-29 15:46:45',1,73,4,2,3,'DROPPED_OFF'),(74,'2023-05-29 15:46:45',1,74,4,2,3,'DROPPED_OFF'),(75,'2023-05-29 15:46:45',1,75,4,2,3,'DROPPED_OFF'),(76,'2023-05-29 15:46:45',1,76,4,2,3,'DROPPED_OFF'),(77,'2023-05-29 15:46:45',1,77,4,2,3,'DROPPED_OFF'),(78,'2023-05-29 15:46:45',1,78,4,2,3,'DROPPED_OFF'),(79,'2023-05-29 15:46:45',1,79,4,2,3,'DROPPED_OFF'),(80,'2023-05-29 15:46:45',1,80,4,2,3,'DROPPED_OFF'),(81,'2023-05-29 15:46:45',1,81,4,2,3,'DROPPED_OFF'),(82,'2023-05-29 15:46:45',1,82,4,2,3,'DROPPED_OFF'),(83,'2023-05-29 15:46:45',1,83,4,2,3,'DROPPED_OFF'),(84,'2023-05-29 15:46:45',1,84,4,2,3,'DROPPED_OFF'),(85,'2023-05-29 15:46:45',1,85,4,2,3,'DROPPED_OFF'),(86,'2023-05-29 15:46:45',1,86,4,2,3,'DROPPED_OFF'),(87,'2023-05-29 15:46:45',1,87,4,2,3,'DROPPED_OFF'),(88,'2023-05-29 15:46:45',1,88,4,2,3,'DROPPED_OFF'),(89,'2023-05-29 15:46:45',1,89,4,2,3,'DROPPED_OFF'),(90,'2023-05-29 15:46:45',1,90,4,2,3,'DROPPED_OFF'),(91,'2023-05-29 15:46:49',1,91,NULL,NULL,NULL,'DROPPED_OFF'),(92,'2023-05-29 15:46:49',1,92,NULL,NULL,NULL,'DROPPED_OFF'),(93,'2023-05-29 15:46:49',1,93,NULL,NULL,NULL,'DROPPED_OFF'),(94,'2023-05-29 15:46:49',1,94,NULL,NULL,NULL,'DROPPED_OFF'),(95,'2023-05-29 15:46:49',1,95,NULL,NULL,NULL,'DROPPED_OFF'),(96,'2023-05-29 15:46:49',1,96,NULL,NULL,NULL,'DROPPED_OFF'),(97,'2023-05-29 15:46:49',1,97,NULL,NULL,NULL,'DROPPED_OFF'),(98,'2023-05-29 15:46:49',1,98,NULL,NULL,NULL,'DROPPED_OFF'),(99,'2023-05-29 15:46:49',1,99,NULL,NULL,NULL,'DROPPED_OFF'),(100,'2023-05-29 15:46:49',1,100,NULL,NULL,NULL,'DROPPED_OFF'),(101,'2023-05-29 15:46:49',1,101,NULL,NULL,NULL,'DROPPED_OFF'),(102,'2023-05-29 15:46:49',1,102,NULL,NULL,NULL,'DROPPED_OFF'),(103,'2023-05-29 15:46:49',1,103,NULL,NULL,NULL,'DROPPED_OFF'),(104,'2023-05-29 15:46:49',1,104,NULL,NULL,NULL,'DROPPED_OFF'),(105,'2023-05-29 15:46:49',1,105,NULL,NULL,NULL,'DROPPED_OFF'),(106,'2023-05-29 15:46:49',1,106,NULL,NULL,NULL,'DROPPED_OFF'),(107,'2023-05-29 15:46:49',1,107,NULL,NULL,NULL,'DROPPED_OFF'),(108,'2023-05-29 15:46:49',1,108,NULL,NULL,NULL,'DROPPED_OFF'),(109,'2023-05-29 15:46:49',1,109,NULL,NULL,NULL,'DROPPED_OFF'),(110,'2023-05-29 15:46:49',1,110,NULL,NULL,NULL,'DROPPED_OFF'),(111,'2023-05-29 15:46:49',1,111,NULL,NULL,NULL,'DROPPED_OFF'),(112,'2023-05-29 15:46:49',1,112,NULL,NULL,NULL,'DROPPED_OFF'),(113,'2023-05-29 15:46:49',1,113,NULL,NULL,NULL,'DROPPED_OFF'),(114,'2023-05-29 15:46:49',1,114,NULL,NULL,NULL,'DROPPED_OFF'),(115,'2023-05-29 15:46:49',1,115,NULL,NULL,NULL,'DROPPED_OFF'),(116,'2023-05-29 15:46:49',1,116,NULL,NULL,NULL,'DROPPED_OFF'),(117,'2023-05-29 15:46:49',1,117,NULL,NULL,NULL,'DROPPED_OFF'),(118,'2023-05-29 15:46:49',1,118,NULL,NULL,NULL,'DROPPED_OFF'),(119,'2023-05-29 15:46:49',1,119,NULL,NULL,NULL,'DROPPED_OFF'),(120,'2023-05-29 15:46:49',1,120,NULL,NULL,NULL,'DROPPED_OFF'),(121,'2023-05-29 15:46:49',1,121,NULL,NULL,NULL,'DROPPED_OFF'),(122,'2023-05-29 15:46:49',1,122,NULL,NULL,NULL,'DROPPED_OFF'),(123,'2023-05-29 15:46:49',1,123,NULL,NULL,NULL,'DROPPED_OFF'),(124,'2023-05-29 15:46:49',1,124,NULL,NULL,NULL,'DROPPED_OFF'),(125,'2023-05-29 15:46:49',1,125,NULL,NULL,NULL,'DROPPED_OFF'),(126,'2023-05-29 15:46:49',1,126,NULL,NULL,NULL,'DROPPED_OFF'),(127,'2023-05-29 15:46:49',1,127,NULL,NULL,NULL,'DROPPED_OFF'),(128,'2023-05-29 15:46:49',1,128,NULL,NULL,NULL,'DROPPED_OFF'),(129,'2023-05-29 15:46:49',1,129,NULL,NULL,NULL,'DROPPED_OFF'),(130,'2023-05-29 15:46:49',1,130,NULL,NULL,NULL,'DROPPED_OFF'),(131,'2023-05-29 15:46:49',1,131,NULL,NULL,NULL,'DROPPED_OFF'),(132,'2023-05-29 15:46:49',1,132,NULL,NULL,NULL,'DROPPED_OFF'),(133,'2023-05-29 15:46:49',1,133,NULL,NULL,NULL,'DROPPED_OFF'),(134,'2023-05-29 15:46:49',1,134,NULL,NULL,NULL,'DROPPED_OFF'),(135,'2023-05-29 15:46:49',1,135,NULL,NULL,NULL,'DROPPED_OFF'),(136,'2023-05-29 15:46:49',1,136,NULL,NULL,NULL,'DROPPED_OFF'),(137,'2023-05-29 15:46:49',1,137,NULL,NULL,NULL,'DROPPED_OFF'),(138,'2023-05-29 15:46:49',1,138,NULL,NULL,NULL,'DROPPED_OFF'),(139,'2023-05-29 15:46:49',1,139,NULL,NULL,NULL,'DROPPED_OFF'),(140,'2023-05-29 15:46:49',1,140,NULL,NULL,NULL,'DROPPED_OFF'),(141,'2023-05-29 15:46:49',1,141,NULL,NULL,NULL,'DROPPED_OFF'),(142,'2023-05-29 15:46:49',1,142,NULL,NULL,NULL,'DROPPED_OFF'),(143,'2023-05-29 15:46:49',1,143,NULL,NULL,NULL,'DROPPED_OFF'),(144,'2023-05-29 15:46:49',1,144,NULL,NULL,NULL,'DROPPED_OFF'),(145,'2023-05-29 15:46:49',1,145,NULL,NULL,NULL,'DROPPED_OFF'),(146,'2023-05-29 15:46:49',1,146,NULL,NULL,NULL,'DROPPED_OFF'),(147,'2023-05-29 15:46:49',1,147,NULL,NULL,NULL,'DROPPED_OFF'),(148,'2023-05-29 15:46:49',1,148,NULL,NULL,NULL,'DROPPED_OFF'),(149,'2023-05-29 15:46:49',1,149,NULL,NULL,NULL,'DROPPED_OFF'),(150,'2023-05-29 15:46:49',1,150,NULL,NULL,NULL,'DROPPED_OFF'),(151,'2023-05-29 15:46:49',1,151,NULL,NULL,NULL,'DROPPED_OFF'),(152,'2023-05-29 15:46:49',1,152,NULL,NULL,NULL,'DROPPED_OFF'),(153,'2023-05-29 15:46:49',1,153,NULL,NULL,NULL,'DROPPED_OFF'),(154,'2023-05-29 15:46:49',1,154,NULL,NULL,NULL,'DROPPED_OFF'),(155,'2023-05-29 15:46:49',1,155,NULL,NULL,NULL,'DROPPED_OFF'),(156,'2023-05-29 15:46:49',1,156,NULL,NULL,NULL,'DROPPED_OFF'),(157,'2023-05-29 15:46:49',1,157,NULL,NULL,NULL,'DROPPED_OFF'),(158,'2023-05-29 15:46:49',1,158,NULL,NULL,NULL,'DROPPED_OFF'),(159,'2023-05-29 15:46:49',1,159,NULL,NULL,NULL,'DROPPED_OFF'),(160,'2023-05-29 15:46:49',1,160,NULL,NULL,NULL,'DROPPED_OFF'),(161,'2023-05-29 15:46:49',1,161,NULL,NULL,NULL,'DROPPED_OFF'),(162,'2023-05-29 15:46:49',1,162,NULL,NULL,NULL,'DROPPED_OFF'),(163,'2023-05-29 15:46:49',1,163,NULL,NULL,NULL,'DROPPED_OFF'),(164,'2023-05-29 15:46:49',1,164,NULL,NULL,NULL,'DROPPED_OFF'),(165,'2023-05-29 15:46:49',1,165,NULL,NULL,NULL,'DROPPED_OFF'),(166,'2023-05-29 15:46:49',1,166,NULL,NULL,NULL,'DROPPED_OFF'),(167,'2023-05-29 15:46:49',1,167,NULL,NULL,NULL,'DROPPED_OFF'),(168,'2023-05-29 15:46:49',1,168,NULL,NULL,NULL,'DROPPED_OFF'),(169,'2023-05-29 15:46:49',1,169,NULL,NULL,NULL,'DROPPED_OFF'),(170,'2023-05-29 15:46:49',1,170,NULL,NULL,NULL,'DROPPED_OFF'),(171,'2023-05-29 15:46:49',1,171,NULL,NULL,NULL,'DROPPED_OFF'),(172,'2023-05-29 15:46:49',1,172,NULL,NULL,NULL,'DROPPED_OFF'),(173,'2023-05-29 15:46:49',1,173,NULL,NULL,NULL,'DROPPED_OFF'),(174,'2023-05-29 15:46:49',1,174,NULL,NULL,NULL,'DROPPED_OFF'),(175,'2023-05-29 15:46:49',1,175,NULL,NULL,NULL,'DROPPED_OFF'),(176,'2023-05-29 15:46:49',1,176,NULL,NULL,NULL,'DROPPED_OFF'),(177,'2023-05-29 15:46:49',1,177,NULL,NULL,NULL,'DROPPED_OFF'),(178,'2023-05-29 15:46:49',1,178,NULL,NULL,NULL,'DROPPED_OFF'),(179,'2023-05-29 15:46:49',1,179,NULL,NULL,NULL,'DROPPED_OFF'),(180,'2023-05-29 15:46:49',1,180,NULL,NULL,NULL,'DROPPED_OFF'),(181,'2023-05-29 15:46:51',2,181,NULL,NULL,4,'DROPPED_OFF'),(182,'2023-05-29 15:46:51',2,182,NULL,NULL,4,'DROPPED_OFF'),(183,'2023-05-29 15:46:51',2,183,NULL,NULL,4,'DROPPED_OFF'),(184,'2023-05-29 15:46:51',2,184,NULL,NULL,4,'DROPPED_OFF'),(185,'2023-05-29 15:46:51',2,185,NULL,NULL,4,'DROPPED_OFF'),(186,'2023-05-29 15:46:51',2,186,NULL,NULL,4,'DROPPED_OFF'),(187,'2023-05-29 15:46:51',2,187,NULL,NULL,4,'DROPPED_OFF'),(188,'2023-05-29 15:46:51',2,188,NULL,NULL,4,'DROPPED_OFF'),(189,'2023-05-29 15:46:51',2,189,NULL,NULL,4,'DROPPED_OFF'),(190,'2023-05-29 15:46:51',2,190,NULL,NULL,4,'DROPPED_OFF'),(191,'2023-05-29 15:46:51',2,191,NULL,NULL,4,'DROPPED_OFF'),(192,'2023-05-29 15:46:51',2,192,NULL,NULL,4,'DROPPED_OFF'),(193,'2023-05-29 15:46:51',2,193,NULL,NULL,4,'DROPPED_OFF'),(194,'2023-05-29 15:46:51',2,194,NULL,NULL,4,'DROPPED_OFF'),(195,'2023-05-29 15:46:51',2,195,NULL,NULL,4,'DROPPED_OFF'),(196,'2023-05-29 15:46:51',2,196,NULL,NULL,4,'DROPPED_OFF'),(197,'2023-05-29 15:46:51',2,197,NULL,NULL,4,'DROPPED_OFF'),(198,'2023-05-29 15:46:51',2,198,NULL,NULL,4,'DROPPED_OFF'),(199,'2023-05-29 15:46:51',2,199,NULL,NULL,4,'DROPPED_OFF'),(200,'2023-05-29 15:46:51',2,200,NULL,NULL,4,'DROPPED_OFF'),(201,'2023-05-29 15:46:51',2,201,NULL,NULL,4,'DROPPED_OFF'),(202,'2023-05-29 15:46:51',2,202,NULL,NULL,4,'DROPPED_OFF'),(203,'2023-05-29 15:46:51',2,203,NULL,NULL,4,'DROPPED_OFF'),(204,'2023-05-29 15:46:51',2,204,NULL,NULL,4,'DROPPED_OFF'),(205,'2023-05-29 15:46:51',2,205,NULL,NULL,4,'DROPPED_OFF'),(206,'2023-05-29 15:46:51',2,206,NULL,NULL,4,'DROPPED_OFF'),(207,'2023-05-29 15:46:51',2,207,NULL,NULL,4,'DROPPED_OFF'),(208,'2023-05-29 15:46:51',2,208,NULL,NULL,4,'DROPPED_OFF'),(209,'2023-05-29 15:46:51',2,209,NULL,NULL,4,'DROPPED_OFF'),(210,'2023-05-29 15:46:51',2,210,NULL,NULL,5,'DROPPED_OFF'),(211,'2023-05-29 15:46:51',2,211,NULL,NULL,5,'DROPPED_OFF'),(212,'2023-05-29 15:46:51',2,212,NULL,NULL,5,'DROPPED_OFF'),(213,'2023-05-29 15:46:51',2,213,NULL,NULL,5,'DROPPED_OFF'),(214,'2023-05-29 15:46:51',2,214,NULL,NULL,5,'DROPPED_OFF'),(215,'2023-05-29 15:46:51',2,215,NULL,NULL,5,'DROPPED_OFF'),(216,'2023-05-29 15:46:51',2,216,NULL,NULL,5,'DROPPED_OFF'),(217,'2023-05-29 15:46:51',2,217,NULL,NULL,5,'DROPPED_OFF'),(218,'2023-05-29 15:46:51',2,218,NULL,NULL,5,'DROPPED_OFF'),(219,'2023-05-29 15:46:51',2,219,NULL,NULL,5,'DROPPED_OFF'),(220,'2023-05-29 15:46:51',2,220,NULL,NULL,5,'DROPPED_OFF'),(221,'2023-05-29 15:46:51',2,221,NULL,NULL,5,'DROPPED_OFF'),(222,'2023-05-29 15:46:51',2,222,NULL,NULL,5,'DROPPED_OFF'),(223,'2023-05-29 15:46:51',2,223,NULL,NULL,5,'DROPPED_OFF'),(224,'2023-05-29 15:46:51',2,224,NULL,NULL,5,'DROPPED_OFF'),(225,'2023-05-29 15:46:51',2,225,NULL,NULL,5,'DROPPED_OFF'),(226,'2023-05-29 15:46:51',2,226,NULL,NULL,5,'DROPPED_OFF'),(227,'2023-05-29 15:46:51',2,227,NULL,NULL,5,'DROPPED_OFF'),(228,'2023-05-29 15:46:51',2,228,NULL,NULL,5,'DROPPED_OFF'),(229,'2023-05-29 15:46:51',2,229,NULL,NULL,5,'DROPPED_OFF'),(230,'2023-05-29 15:46:51',2,230,NULL,NULL,5,'DROPPED_OFF'),(231,'2023-05-29 15:46:51',2,231,NULL,NULL,5,'DROPPED_OFF'),(232,'2023-05-29 15:46:51',2,232,NULL,NULL,5,'DROPPED_OFF'),(233,'2023-05-29 15:46:51',2,233,NULL,NULL,5,'DROPPED_OFF'),(234,'2023-05-29 15:46:51',2,234,NULL,NULL,5,'DROPPED_OFF'),(235,'2023-05-29 15:46:51',2,235,NULL,NULL,5,'DROPPED_OFF'),(236,'2023-05-29 15:46:51',2,236,NULL,NULL,5,'DROPPED_OFF'),(237,'2023-05-29 15:46:51',2,237,NULL,NULL,5,'DROPPED_OFF'),(238,'2023-05-29 15:46:51',2,238,NULL,NULL,5,'DROPPED_OFF'),(239,'2023-05-29 15:46:51',2,239,NULL,NULL,5,'DROPPED_OFF'),(240,'2023-05-29 15:46:51',2,240,NULL,NULL,5,'DROPPED_OFF'),(241,'2023-05-29 15:46:51',2,241,NULL,NULL,5,'DROPPED_OFF'),(242,'2023-05-29 15:46:51',2,242,NULL,NULL,5,'DROPPED_OFF'),(243,'2023-05-29 15:46:51',2,243,NULL,NULL,5,'DROPPED_OFF'),(244,'2023-05-29 15:46:51',2,244,NULL,NULL,5,'DROPPED_OFF'),(245,'2023-05-29 15:46:51',2,245,NULL,NULL,5,'DROPPED_OFF'),(246,'2023-05-29 15:46:51',2,246,NULL,NULL,5,'DROPPED_OFF'),(247,'2023-05-29 15:46:51',2,247,NULL,NULL,5,'DROPPED_OFF'),(248,'2023-05-29 15:46:51',2,248,NULL,NULL,5,'DROPPED_OFF'),(249,'2023-05-29 15:46:51',2,249,NULL,NULL,5,'DROPPED_OFF'),(250,'2023-05-29 15:46:51',2,250,NULL,NULL,5,'DROPPED_OFF'),(251,'2023-05-29 15:46:51',2,251,NULL,NULL,5,'DROPPED_OFF'),(252,'2023-05-29 15:46:51',2,252,NULL,NULL,5,'DROPPED_OFF'),(253,'2023-05-29 15:46:51',2,253,NULL,NULL,5,'DROPPED_OFF'),(254,'2023-05-29 15:46:51',2,254,NULL,NULL,5,'DROPPED_OFF'),(255,'2023-05-29 15:46:51',2,255,NULL,NULL,5,'DROPPED_OFF'),(256,'2023-05-29 15:46:51',2,256,NULL,NULL,5,'DROPPED_OFF'),(257,'2023-05-29 15:46:51',2,257,NULL,NULL,5,'DROPPED_OFF'),(258,'2023-05-29 15:46:51',2,258,NULL,NULL,5,'DROPPED_OFF'),(259,'2023-05-29 15:46:51',2,259,NULL,NULL,5,'DROPPED_OFF'),(260,'2023-05-29 15:46:51',2,260,NULL,NULL,5,'DROPPED_OFF'),(261,'2023-05-29 15:46:51',2,261,NULL,NULL,5,'DROPPED_OFF'),(262,'2023-05-29 15:46:51',2,262,NULL,NULL,5,'DROPPED_OFF'),(263,'2023-05-29 15:46:51',2,263,NULL,NULL,5,'DROPPED_OFF'),(264,'2023-05-29 15:46:51',2,264,NULL,NULL,5,'DROPPED_OFF'),(265,'2023-05-29 15:46:51',2,265,NULL,NULL,5,'DROPPED_OFF'),(266,'2023-05-29 15:46:51',2,266,NULL,NULL,5,'DROPPED_OFF'),(267,'2023-05-29 15:46:51',2,267,NULL,NULL,5,'DROPPED_OFF'),(268,'2023-05-29 15:46:51',2,268,NULL,NULL,5,'DROPPED_OFF'),(269,'2023-05-29 15:46:51',2,269,NULL,NULL,5,'DROPPED_OFF'),(270,'2023-05-29 15:46:51',2,270,NULL,NULL,5,'DROPPED_OFF'),(271,'2023-05-29 15:46:51',2,271,NULL,NULL,5,'DROPPED_OFF'),(272,'2023-05-29 15:46:51',2,272,NULL,NULL,5,'DROPPED_OFF'),(273,'2023-05-29 15:46:51',2,273,NULL,NULL,5,'DROPPED_OFF'),(274,'2023-05-29 15:46:51',2,274,NULL,NULL,5,'DROPPED_OFF'),(275,'2023-05-29 15:46:51',2,275,NULL,NULL,6,'DROPPED_OFF'),(276,'2023-05-29 15:46:51',2,276,NULL,NULL,6,'DROPPED_OFF'),(277,'2023-05-29 15:46:51',2,277,NULL,NULL,6,'DROPPED_OFF'),(278,'2023-05-29 15:46:51',2,278,NULL,NULL,6,'DROPPED_OFF'),(279,'2023-05-29 15:46:51',2,279,NULL,NULL,6,'DROPPED_OFF'),(280,'2023-05-29 15:46:51',2,280,NULL,NULL,6,'DROPPED_OFF'),(281,'2023-05-29 15:46:51',2,281,NULL,NULL,6,'DROPPED_OFF'),(282,'2023-05-29 15:46:51',2,282,NULL,NULL,6,'DROPPED_OFF'),(283,'2023-05-29 15:46:51',2,283,NULL,NULL,6,'DROPPED_OFF'),(284,'2023-05-29 15:46:51',2,284,NULL,NULL,6,'DROPPED_OFF'),(285,'2023-05-29 15:46:51',2,285,NULL,NULL,6,'DROPPED_OFF'),(286,'2023-05-29 15:46:51',2,286,NULL,NULL,6,'DROPPED_OFF'),(287,'2023-05-29 15:46:51',2,287,NULL,NULL,6,'DROPPED_OFF'),(288,'2023-05-29 15:46:51',2,288,NULL,NULL,6,'DROPPED_OFF'),(289,'2023-05-29 15:46:51',2,289,NULL,NULL,6,'DROPPED_OFF'),(290,'2023-05-29 15:46:51',2,290,NULL,NULL,6,'DROPPED_OFF'),(291,'2023-05-29 15:46:51',2,291,NULL,NULL,6,'DROPPED_OFF'),(292,'2023-05-29 15:46:51',2,292,NULL,NULL,6,'DROPPED_OFF'),(293,'2023-05-29 15:46:51',2,293,NULL,NULL,6,'DROPPED_OFF'),(294,'2023-05-29 15:46:51',2,294,NULL,NULL,6,'DROPPED_OFF'),(295,'2023-05-29 15:46:51',2,295,NULL,NULL,6,'DROPPED_OFF'),(296,'2023-05-29 15:46:51',2,296,NULL,NULL,6,'DROPPED_OFF'),(297,'2023-05-29 15:46:51',2,297,NULL,NULL,6,'DROPPED_OFF'),(298,'2023-05-29 15:46:51',2,298,NULL,NULL,6,'DROPPED_OFF'),(299,'2023-05-29 15:46:51',2,299,NULL,NULL,6,'DROPPED_OFF'),(300,'2023-05-29 15:46:51',2,300,NULL,NULL,6,'DROPPED_OFF'),(301,'2023-05-29 15:46:51',2,301,NULL,NULL,6,'DROPPED_OFF'),(302,'2023-05-29 15:46:51',2,302,NULL,NULL,6,'DROPPED_OFF'),(303,'2023-05-29 15:46:51',2,303,NULL,NULL,6,'DROPPED_OFF'),(304,'2023-05-29 15:46:51',2,304,NULL,NULL,6,'DROPPED_OFF'),(305,'2023-05-29 15:46:51',2,305,NULL,NULL,6,'DROPPED_OFF'),(306,'2023-05-29 15:46:51',2,306,NULL,NULL,6,'DROPPED_OFF'),(307,'2023-05-29 15:46:51',2,307,NULL,NULL,6,'DROPPED_OFF'),(308,'2023-05-29 15:46:51',2,308,NULL,NULL,6,'DROPPED_OFF'),(309,'2023-05-29 15:46:51',2,309,NULL,NULL,6,'DROPPED_OFF'),(310,'2023-05-29 15:46:51',2,310,NULL,NULL,6,'DROPPED_OFF');
/*!40000 ALTER TABLE `transactionlog` ENABLE KEYS */;
UNLOCK TABLES;

--
-- Table structure for table `users`
--

DROP TABLE IF EXISTS `users`;
/*!40101 SET @saved_cs_client     = @@character_set_client */;
/*!50503 SET character_set_client = utf8mb4 */;
CREATE TABLE `users` (
  `userID` int NOT NULL AUTO_INCREMENT,
  `password` varchar(255) NOT NULL,
  `Permision` int NOT NULL,
  `firstName` varchar(255) DEFAULT NULL,
  `lastName` varchar(255) DEFAULT NULL,
  `userRole` varchar(255) DEFAULT NULL,
  PRIMARY KEY (`userID`),
  UNIQUE KEY `idUsers_UNIQUE` (`userID`)
) ENGINE=InnoDB AUTO_INCREMENT=9 DEFAULT CHARSET=utf8mb4 COLLATE=utf8mb4_0900_ai_ci COMMENT='Table for users of the program';
/*!40101 SET character_set_client = @saved_cs_client */;

--
-- Dumping data for table `users`
--

LOCK TABLES `users` WRITE;
/*!40000 ALTER TABLE `users` DISABLE KEYS */;
INSERT INTO `users` VALUES (1,'$2a$08$wkJZiX0D.FPOVbsCuDmiBe14L6UFWAKkaYfALcHlv9saXPztybcvm',1,'Dough','Henry','Mill'),(2,'$2a$08$HgTEhro2.iteq26ORrQ6fekeD56OsqAbjYHPUj37TgHDHcX1vkLta',2,'Mathew','Satler','Loco Operator'),(3,'$2a$08$vuM7du751UzTRsJYY3ri2uH2LqdhCx24dG4s3dsD4mtB/tfXOjnwa',3,'Cass','Young','Harvest Operator'),(4,'root',1,'Jarrod','Stout','Mill'),(5,'root',3,'Doubt','Young','Harvester Operator'),(6,'root',2,'Harry','Brown','Loco Operator'),(7,'root',2,'Jack','Smith','Loco Operator'),(8,'root',2,'Ron','Falcon','Loco Operator');
/*!40000 ALTER TABLE `users` ENABLE KEYS */;
UNLOCK TABLES;
/*!40103 SET TIME_ZONE=@OLD_TIME_ZONE */;

/*!40101 SET SQL_MODE=@OLD_SQL_MODE */;
/*!40014 SET FOREIGN_KEY_CHECKS=@OLD_FOREIGN_KEY_CHECKS */;
/*!40014 SET UNIQUE_CHECKS=@OLD_UNIQUE_CHECKS */;
/*!40101 SET CHARACTER_SET_CLIENT=@OLD_CHARACTER_SET_CLIENT */;
/*!40101 SET CHARACTER_SET_RESULTS=@OLD_CHARACTER_SET_RESULTS */;
/*!40101 SET COLLATION_CONNECTION=@OLD_COLLATION_CONNECTION */;
/*!40111 SET SQL_NOTES=@OLD_SQL_NOTES */;

-- Dump completed on 2024-03-20 20:03:51
