-- MySQL dump 10.13  Distrib 8.0.33, for Win64 (x86_64)
--
-- Host: 127.0.0.1    Database: sugarcane
-- ------------------------------------------------------
-- Server version	8.0.33

/*!40101 SET @OLD_CHARACTER_SET_CLIENT=@@CHARACTER_SET_CLIENT */;
/*!40101 SET @OLD_CHARACTER_SET_RESULTS=@@CHARACTER_SET_RESULTS */;
/*!40101 SET @OLD_COLLATION_CONNECTION=@@COLLATION_CONNECTION */;
/*!50503 SET NAMES utf8 */;
/*!40103 SET @OLD_TIME_ZONE=@@TIME_ZONE */;
/*!40103 SET TIME_ZONE='+00:00' */;
/*!40014 SET @OLD_UNIQUE_CHECKS=@@UNIQUE_CHECKS, UNIQUE_CHECKS=0 */;
/*!40014 SET @OLD_FOREIGN_KEY_CHECKS=@@FOREIGN_KEY_CHECKS, FOREIGN_KEY_CHECKS=0 */;
/*!40101 SET @OLD_SQL_MODE=@@SQL_MODE, SQL_MODE='NO_AUTO_VALUE_ON_ZERO' */;
/*!40111 SET @OLD_SQL_NOTES=@@SQL_NOTES, SQL_NOTES=0 */;

--
-- Table structure for table `bins`
--

DROP TABLE IF EXISTS `bins`;
/*!40101 SET @saved_cs_client     = @@character_set_client */;
/*!50503 SET character_set_client = utf8mb4 */;
CREATE TABLE `bins` (
  `binsID` int NOT NULL AUTO_INCREMENT,
  `transactionTime` datetime NOT NULL DEFAULT CURRENT_TIMESTAMP,
  `transactionNumber` int NOT NULL,
  `statusID` int NOT NULL,
  `sidingID` int DEFAULT NULL,
  `farmID` int DEFAULT NULL,
  `paddockID` int DEFAULT NULL,
  `locoID` int DEFAULT NULL,
  `harvesterID` int DEFAULT NULL,
  `weight` varchar(255) DEFAULT NULL,
  PRIMARY KEY (`binsID`),
  UNIQUE KEY `binsID` (`binsID`)
) ENGINE=InnoDB AUTO_INCREMENT=730 DEFAULT CHARSET=utf8mb4 COLLATE=utf8mb4_0900_ai_ci;
/*!40101 SET character_set_client = @saved_cs_client */;

--
-- Dumping data for table `bins`
--

LOCK TABLES `bins` WRITE;
/*!40000 ALTER TABLE `bins` DISABLE KEYS */;
INSERT INTO `bins` VALUES (1,'2023-05-29 15:46:45',1,1,NULL,NULL,NULL,NULL,NULL,NULL),(2,'2023-05-29 15:46:45',2,1,NULL,NULL,NULL,NULL,NULL,NULL),(3,'2023-05-29 15:46:45',3,1,NULL,NULL,NULL,NULL,NULL,NULL),(4,'2023-05-29 15:46:45',4,1,NULL,NULL,NULL,NULL,NULL,NULL),(5,'2023-05-29 15:46:45',5,1,NULL,NULL,NULL,NULL,NULL,NULL),(6,'2023-05-29 15:46:45',6,1,NULL,NULL,NULL,NULL,NULL,NULL),(7,'2023-05-29 15:46:45',7,1,NULL,NULL,NULL,NULL,NULL,NULL),(8,'2023-05-29 15:46:45',8,1,NULL,NULL,NULL,NULL,NULL,NULL),(9,'2023-05-29 15:46:45',9,1,NULL,NULL,NULL,NULL,NULL,NULL),(10,'2023-05-29 15:46:45',10,1,NULL,NULL,NULL,NULL,NULL,NULL),(11,'2023-05-29 15:46:45',11,2,NULL,NULL,NULL,1,NULL,NULL),(12,'2023-05-29 15:46:45',12,2,NULL,NULL,NULL,1,NULL,NULL),(13,'2023-05-29 15:46:45',13,2,NULL,NULL,NULL,1,NULL,NULL),(14,'2023-05-29 15:46:45',14,2,NULL,NULL,NULL,1,NULL,NULL),(15,'2023-05-29 15:46:45',15,2,NULL,NULL,NULL,1,NULL,NULL),(16,'2023-05-29 15:46:45',16,2,NULL,NULL,NULL,1,NULL,NULL),(17,'2023-05-29 15:46:45',17,2,NULL,NULL,NULL,1,NULL,NULL),(18,'2023-05-29 15:46:45',18,2,NULL,NULL,NULL,1,NULL,NULL),(19,'2023-05-29 15:46:45',19,2,NULL,NULL,NULL,1,NULL,NULL),(20,'2023-05-29 15:46:45',20,2,NULL,NULL,NULL,1,NULL,NULL),(21,'2023-05-29 15:46:45',21,3,1,NULL,NULL,2,1,NULL),(22,'2023-05-29 15:46:45',22,3,1,NULL,NULL,2,1,NULL),(23,'2023-05-29 15:46:45',23,3,1,NULL,NULL,2,1,NULL),(24,'2023-05-29 15:46:45',24,3,1,NULL,NULL,2,1,NULL),(25,'2023-05-29 15:46:45',25,3,1,NULL,NULL,2,1,NULL),(26,'2023-05-29 15:46:45',26,3,1,NULL,NULL,2,1,NULL),(27,'2023-05-29 15:46:45',27,3,1,NULL,NULL,2,1,NULL),(28,'2023-05-29 15:46:45',28,3,1,NULL,NULL,2,1,NULL),(29,'2023-05-29 15:46:45',29,3,1,NULL,NULL,2,1,NULL),(30,'2023-05-29 15:46:45',30,3,1,NULL,NULL,2,1,NULL),(31,'2023-05-29 15:46:45',31,4,1,1,1,NULL,2,NULL),(32,'2023-05-29 15:46:45',32,4,1,1,2,NULL,2,NULL),(33,'2023-05-29 15:46:45',33,4,1,1,2,NULL,2,NULL),(34,'2023-05-29 15:46:45',34,4,1,1,3,NULL,2,NULL),(35,'2023-05-29 15:46:45',35,4,1,1,4,NULL,2,NULL),(36,'2023-05-29 15:46:45',36,4,1,1,4,NULL,2,NULL),(37,'2023-05-29 15:46:45',37,4,1,1,5,NULL,2,NULL),(38,'2023-05-29 15:46:45',38,4,1,2,6,NULL,2,NULL),(39,'2023-05-29 15:46:45',39,4,1,2,6,NULL,2,NULL),(40,'2023-05-29 15:46:45',40,4,1,2,6,NULL,2,NULL),(41,'2023-05-29 15:46:45',41,4,1,2,6,NULL,2,NULL),(42,'2023-05-29 15:46:45',42,4,1,2,7,NULL,2,NULL),(43,'2023-05-29 15:46:45',43,4,1,2,8,NULL,2,NULL),(44,'2023-05-29 15:46:45',44,4,1,2,8,NULL,2,NULL),(45,'2023-05-29 15:46:45',45,4,1,2,9,NULL,2,NULL),(46,'2023-05-29 15:46:45',46,4,1,3,10,NULL,2,NULL),(47,'2023-05-29 15:46:45',47,4,1,3,11,NULL,2,NULL),(48,'2023-05-29 15:46:45',48,4,1,3,12,NULL,2,NULL),(49,'2023-05-29 15:46:45',49,4,1,3,12,NULL,2,NULL),(50,'2023-05-29 15:46:45',50,4,1,3,13,NULL,2,NULL),(51,'2023-05-29 15:46:45',51,5,1,4,14,2,3,NULL),(52,'2023-05-29 15:46:45',52,5,1,4,14,2,3,NULL),(53,'2023-05-29 15:46:45',53,5,1,4,14,2,3,NULL),(54,'2023-05-29 15:46:45',54,5,1,4,14,2,3,NULL),(55,'2023-05-29 15:46:45',55,5,1,4,15,2,3,NULL),(56,'2023-05-29 15:46:45',56,5,1,4,16,2,3,NULL),(57,'2023-05-29 15:46:45',57,5,1,4,17,2,3,NULL),(58,'2023-05-29 15:46:45',58,5,1,4,18,2,3,NULL),(59,'2023-05-29 15:46:45',59,5,1,4,19,2,3,NULL),(60,'2023-05-29 15:46:45',60,5,1,4,19,2,3,NULL),(61,'2023-05-29 15:46:45',61,5,1,5,21,2,3,NULL),(62,'2023-05-29 15:46:45',62,5,1,5,21,2,3,NULL),(63,'2023-05-29 15:46:45',63,5,1,5,21,2,3,NULL),(64,'2023-05-29 15:46:45',64,5,1,5,22,2,3,NULL),(65,'2023-05-29 15:46:45',65,5,1,5,23,2,3,NULL),(66,'2023-05-29 15:46:45',66,5,1,5,23,2,3,NULL),(67,'2023-05-29 15:46:45',67,5,1,5,24,2,3,NULL),(68,'2023-05-29 15:46:45',68,5,1,6,25,2,3,NULL),(69,'2023-05-29 15:46:45',69,5,1,6,25,2,3,NULL),(70,'2023-05-29 15:46:45',70,5,1,6,25,2,3,NULL),(71,'2023-05-29 15:46:45',71,6,2,7,26,3,4,NULL),(72,'2023-05-29 15:46:45',72,6,2,7,26,3,4,NULL),(73,'2023-05-29 15:46:45',73,6,2,7,26,3,4,NULL),(74,'2023-05-29 15:46:45',74,6,2,7,27,3,4,NULL),(75,'2023-05-29 15:46:45',75,6,2,7,27,3,4,NULL),(76,'2023-05-29 15:46:45',76,6,2,7,28,3,4,NULL),(77,'2023-05-29 15:46:45',77,6,2,7,29,3,4,NULL),(78,'2023-05-29 15:46:45',78,6,2,7,29,3,4,NULL),(79,'2023-05-29 15:46:45',79,6,2,7,29,3,4,NULL),(80,'2023-05-29 15:46:45',80,6,2,7,30,3,4,NULL),(81,'2023-05-29 15:46:45',81,6,2,7,31,3,4,NULL),(82,'2023-05-29 15:46:45',82,6,2,7,32,3,4,NULL),(83,'2023-05-29 15:46:45',83,6,2,7,33,3,4,NULL),(84,'2023-05-29 15:46:45',84,6,2,7,34,3,4,NULL),(85,'2023-05-29 15:46:45',85,6,2,7,34,3,4,NULL),(86,'2023-05-29 15:46:45',86,6,2,7,34,3,4,NULL),(87,'2023-05-29 15:46:45',87,6,2,7,35,3,4,NULL),(88,'2023-05-29 15:46:45',88,6,2,7,36,3,4,NULL),(89,'2023-05-29 15:46:45',89,6,2,7,37,3,4,NULL),(90,'2023-05-29 15:46:45',90,6,2,7,38,3,4,NULL),(91,'2023-05-29 15:46:49',91,1,NULL,NULL,NULL,NULL,NULL,NULL),(92,'2023-05-29 15:46:49',92,1,NULL,NULL,NULL,NULL,NULL,NULL),(93,'2023-05-29 15:46:49',93,1,NULL,NULL,NULL,NULL,NULL,NULL),(94,'2023-05-29 15:46:49',94,1,NULL,NULL,NULL,NULL,NULL,NULL),(95,'2023-05-29 15:46:49',95,1,NULL,NULL,NULL,NULL,NULL,NULL),(96,'2023-05-29 15:46:49',96,1,NULL,NULL,NULL,NULL,NULL,NULL),(97,'2023-05-29 15:46:49',97,1,NULL,NULL,NULL,NULL,NULL,NULL),(98,'2023-05-29 15:46:49',98,1,NULL,NULL,NULL,NULL,NULL,NULL),(99,'2023-05-29 15:46:49',99,1,NULL,NULL,NULL,NULL,NULL,NULL),(100,'2023-05-29 15:46:49',100,1,NULL,NULL,NULL,NULL,NULL,NULL),(101,'2023-05-29 15:46:49',101,1,NULL,NULL,NULL,NULL,NULL,NULL),(102,'2023-05-29 15:46:49',102,1,NULL,NULL,NULL,NULL,NULL,NULL),(103,'2023-05-29 15:46:49',103,1,NULL,NULL,NULL,NULL,NULL,NULL),(104,'2023-05-29 15:46:49',104,1,NULL,NULL,NULL,NULL,NULL,NULL),(105,'2023-05-29 15:46:49',105,1,NULL,NULL,NULL,NULL,NULL,NULL),(106,'2023-05-29 15:46:49',106,1,NULL,NULL,NULL,NULL,NULL,NULL),(107,'2023-05-29 15:46:49',107,1,NULL,NULL,NULL,NULL,NULL,NULL),(108,'2023-05-29 15:46:49',108,1,NULL,NULL,NULL,NULL,NULL,NULL),(109,'2023-05-29 15:46:49',109,1,NULL,NULL,NULL,NULL,NULL,NULL),(110,'2023-05-29 15:46:49',110,1,NULL,NULL,NULL,NULL,NULL,NULL),(111,'2023-05-29 15:46:49',111,1,NULL,NULL,NULL,NULL,NULL,NULL),(112,'2023-05-29 15:46:49',112,1,NULL,NULL,NULL,NULL,NULL,NULL),(113,'2023-05-29 15:46:49',113,1,NULL,NULL,NULL,NULL,NULL,NULL),(114,'2023-05-29 15:46:49',114,1,NULL,NULL,NULL,NULL,NULL,NULL),(115,'2023-05-29 15:46:49',115,1,NULL,NULL,NULL,NULL,NULL,NULL),(116,'2023-05-29 15:46:49',116,1,NULL,NULL,NULL,NULL,NULL,NULL),(117,'2023-05-29 15:46:49',117,1,NULL,NULL,NULL,NULL,NULL,NULL),(118,'2023-05-29 15:46:49',118,1,NULL,NULL,NULL,NULL,NULL,NULL),(119,'2023-05-29 15:46:49',119,1,NULL,NULL,NULL,NULL,NULL,NULL),(120,'2023-05-29 15:46:49',120,1,NULL,NULL,NULL,NULL,NULL,NULL),(121,'2023-05-29 15:46:49',121,1,NULL,NULL,NULL,NULL,NULL,NULL),(122,'2023-05-29 15:46:49',122,1,NULL,NULL,NULL,NULL,NULL,NULL),(123,'2023-05-29 15:46:49',123,1,NULL,NULL,NULL,NULL,NULL,NULL),(124,'2023-05-29 15:46:49',124,1,NULL,NULL,NULL,NULL,NULL,NULL),(125,'2023-05-29 15:46:49',125,1,NULL,NULL,NULL,NULL,NULL,NULL),(126,'2023-05-29 15:46:49',126,1,NULL,NULL,NULL,NULL,NULL,NULL),(127,'2023-05-29 15:46:49',127,1,NULL,NULL,NULL,NULL,NULL,NULL),(128,'2023-05-29 15:46:49',128,1,NULL,NULL,NULL,NULL,NULL,NULL),(129,'2023-05-29 15:46:49',129,1,NULL,NULL,NULL,NULL,NULL,NULL),(130,'2023-05-29 15:46:49',130,1,NULL,NULL,NULL,NULL,NULL,NULL),(131,'2023-05-29 15:46:49',131,1,NULL,NULL,NULL,NULL,NULL,NULL),(132,'2023-05-29 15:46:49',132,1,NULL,NULL,NULL,NULL,NULL,NULL),(133,'2023-05-29 15:46:49',133,1,NULL,NULL,NULL,NULL,NULL,NULL),(134,'2023-05-29 15:46:49',134,1,NULL,NULL,NULL,NULL,NULL,NULL),(135,'2023-05-29 15:46:49',135,1,NULL,NULL,NULL,NULL,NULL,NULL),(136,'2023-05-29 15:46:49',136,1,NULL,NULL,NULL,NULL,NULL,NULL),(137,'2023-05-29 15:46:49',137,1,NULL,NULL,NULL,NULL,NULL,NULL),(138,'2023-05-29 15:46:49',138,1,NULL,NULL,NULL,NULL,NULL,NULL),(139,'2023-05-29 15:46:49',139,1,NULL,NULL,NULL,NULL,NULL,NULL),(140,'2023-05-29 15:46:49',140,1,NULL,NULL,NULL,NULL,NULL,NULL),(141,'2023-05-29 15:46:49',141,1,NULL,NULL,NULL,NULL,NULL,NULL),(142,'2023-05-29 15:46:49',142,1,NULL,NULL,NULL,NULL,NULL,NULL),(143,'2023-05-29 15:46:49',143,1,NULL,NULL,NULL,NULL,NULL,NULL),(144,'2023-05-29 15:46:49',144,1,NULL,NULL,NULL,NULL,NULL,NULL),(145,'2023-05-29 15:46:49',145,1,NULL,NULL,NULL,NULL,NULL,NULL),(146,'2023-05-29 15:46:49',146,1,NULL,NULL,NULL,NULL,NULL,NULL),(147,'2023-05-29 15:46:49',147,1,NULL,NULL,NULL,NULL,NULL,NULL),(148,'2023-05-29 15:46:49',148,1,NULL,NULL,NULL,NULL,NULL,NULL),(149,'2023-05-29 15:46:49',149,1,NULL,NULL,NULL,NULL,NULL,NULL),(150,'2023-05-29 15:46:49',150,1,NULL,NULL,NULL,NULL,NULL,NULL),(151,'2023-05-29 15:46:49',151,1,NULL,NULL,NULL,NULL,NULL,NULL),(152,'2023-05-29 15:46:49',152,1,NULL,NULL,NULL,NULL,NULL,NULL),(153,'2023-05-29 15:46:49',153,1,NULL,NULL,NULL,NULL,NULL,NULL),(154,'2023-05-29 15:46:49',154,1,NULL,NULL,NULL,NULL,NULL,NULL),(155,'2023-05-29 15:46:49',155,1,NULL,NULL,NULL,NULL,NULL,NULL),(156,'2023-05-29 15:46:49',156,1,NULL,NULL,NULL,NULL,NULL,NULL),(157,'2023-05-29 15:46:49',157,1,NULL,NULL,NULL,NULL,NULL,NULL),(158,'2023-05-29 15:46:49',158,1,NULL,NULL,NULL,NULL,NULL,NULL),(159,'2023-05-29 15:46:49',159,1,NULL,NULL,NULL,NULL,NULL,NULL),(160,'2023-05-29 15:46:49',160,1,NULL,NULL,NULL,NULL,NULL,NULL),(161,'2023-05-29 15:46:49',161,1,NULL,NULL,NULL,NULL,NULL,NULL),(162,'2023-05-29 15:46:49',162,1,NULL,NULL,NULL,NULL,NULL,NULL),(163,'2023-05-29 15:46:49',163,1,NULL,NULL,NULL,NULL,NULL,NULL),(164,'2023-05-29 15:46:49',164,1,NULL,NULL,NULL,NULL,NULL,NULL),(165,'2023-05-29 15:46:49',165,1,NULL,NULL,NULL,NULL,NULL,NULL),(166,'2023-05-29 15:46:49',166,1,NULL,NULL,NULL,NULL,NULL,NULL),(167,'2023-05-29 15:46:49',167,1,NULL,NULL,NULL,NULL,NULL,NULL),(168,'2023-05-29 15:46:49',168,1,NULL,NULL,NULL,NULL,NULL,NULL),(169,'2023-05-29 15:46:49',169,1,NULL,NULL,NULL,NULL,NULL,NULL),(170,'2023-05-29 15:46:49',170,1,NULL,NULL,NULL,NULL,NULL,NULL),(171,'2023-05-29 15:46:49',171,1,NULL,NULL,NULL,NULL,NULL,NULL),(172,'2023-05-29 15:46:49',172,1,NULL,NULL,NULL,NULL,NULL,NULL),(173,'2023-05-29 15:46:49',173,1,NULL,NULL,NULL,NULL,NULL,NULL),(174,'2023-05-29 15:46:49',174,1,NULL,NULL,NULL,NULL,NULL,NULL),(175,'2023-05-29 15:46:49',175,1,NULL,NULL,NULL,NULL,NULL,NULL),(176,'2023-05-29 15:46:49',176,1,NULL,NULL,NULL,NULL,NULL,NULL),(177,'2023-05-29 15:46:49',177,1,NULL,NULL,NULL,NULL,NULL,NULL),(178,'2023-05-29 15:46:49',178,1,NULL,NULL,NULL,NULL,NULL,NULL),(179,'2023-05-29 15:46:49',179,1,NULL,NULL,NULL,NULL,NULL,NULL),(180,'2023-05-29 15:46:49',180,1,NULL,NULL,NULL,NULL,NULL,NULL),(181,'2023-05-29 15:46:51',181,2,NULL,NULL,NULL,4,NULL,NULL),(182,'2023-05-29 15:46:51',182,2,NULL,NULL,NULL,4,NULL,NULL),(183,'2023-05-29 15:46:51',183,2,NULL,NULL,NULL,4,NULL,NULL),(184,'2023-05-29 15:46:51',184,2,NULL,NULL,NULL,4,NULL,NULL),(185,'2023-05-29 15:46:51',185,2,NULL,NULL,NULL,4,NULL,NULL),(186,'2023-05-29 15:46:51',186,2,NULL,NULL,NULL,4,NULL,NULL),(187,'2023-05-29 15:46:51',187,2,NULL,NULL,NULL,4,NULL,NULL),(188,'2023-05-29 15:46:51',188,2,NULL,NULL,NULL,4,NULL,NULL),(189,'2023-05-29 15:46:51',189,2,NULL,NULL,NULL,4,NULL,NULL),(190,'2023-05-29 15:46:51',190,2,NULL,NULL,NULL,4,NULL,NULL),(191,'2023-05-29 15:46:51',191,2,NULL,NULL,NULL,4,NULL,NULL),(192,'2023-05-29 15:46:51',192,2,NULL,NULL,NULL,4,NULL,NULL),(193,'2023-05-29 15:46:51',193,2,NULL,NULL,NULL,4,NULL,NULL),(194,'2023-05-29 15:46:51',194,2,NULL,NULL,NULL,4,NULL,NULL),(195,'2023-05-29 15:46:51',195,2,NULL,NULL,NULL,4,NULL,NULL),(196,'2023-05-29 15:46:51',196,2,NULL,NULL,NULL,4,NULL,NULL),(197,'2023-05-29 15:46:51',197,2,NULL,NULL,NULL,4,NULL,NULL),(198,'2023-05-29 15:46:51',198,2,NULL,NULL,NULL,4,NULL,NULL),(199,'2023-05-29 15:46:51',199,2,NULL,NULL,NULL,4,NULL,NULL),(200,'2023-05-29 15:46:51',200,2,NULL,NULL,NULL,4,NULL,NULL),(201,'2023-05-29 15:46:51',201,2,NULL,NULL,NULL,4,NULL,NULL),(202,'2023-05-29 15:46:51',202,2,NULL,NULL,NULL,4,NULL,NULL),(203,'2023-05-29 15:46:51',203,2,NULL,NULL,NULL,4,NULL,NULL),(204,'2023-05-29 15:46:51',204,2,NULL,NULL,NULL,4,NULL,NULL),(205,'2023-05-29 15:46:51',205,2,NULL,NULL,NULL,4,NULL,NULL),(206,'2023-05-29 15:46:51',206,2,NULL,NULL,NULL,4,NULL,NULL),(207,'2023-05-29 15:46:51',207,2,NULL,NULL,NULL,4,NULL,NULL),(208,'2023-05-29 15:46:51',208,2,NULL,NULL,NULL,4,NULL,NULL),(209,'2023-05-29 15:46:51',209,2,NULL,NULL,NULL,4,NULL,NULL),(210,'2023-05-29 15:46:51',210,2,NULL,NULL,NULL,5,NULL,NULL),(211,'2023-05-29 15:46:51',211,2,NULL,NULL,NULL,5,NULL,NULL),(212,'2023-05-29 15:46:51',212,2,NULL,NULL,NULL,5,NULL,NULL),(213,'2023-05-29 15:46:51',213,2,NULL,NULL,NULL,5,NULL,NULL),(214,'2023-05-29 15:46:51',214,2,NULL,NULL,NULL,5,NULL,NULL),(215,'2023-05-29 15:46:51',215,2,NULL,NULL,NULL,5,NULL,NULL),(216,'2023-05-29 15:46:51',216,2,NULL,NULL,NULL,5,NULL,NULL),(217,'2023-05-29 15:46:51',217,2,NULL,NULL,NULL,5,NULL,NULL),(218,'2023-05-29 15:46:51',218,2,NULL,NULL,NULL,5,NULL,NULL),(219,'2023-05-29 15:46:51',219,2,NULL,NULL,NULL,5,NULL,NULL),(220,'2023-05-29 15:46:51',220,2,NULL,NULL,NULL,5,NULL,NULL),(221,'2023-05-29 15:46:51',221,2,NULL,NULL,NULL,5,NULL,NULL),(222,'2023-05-29 15:46:51',222,2,NULL,NULL,NULL,5,NULL,NULL),(223,'2023-05-29 15:46:51',223,2,NULL,NULL,NULL,5,NULL,NULL),(224,'2023-05-29 15:46:51',224,2,NULL,NULL,NULL,5,NULL,NULL),(225,'2023-05-29 15:46:51',225,2,NULL,NULL,NULL,5,NULL,NULL),(226,'2023-05-29 15:46:51',226,2,NULL,NULL,NULL,5,NULL,NULL),(227,'2023-05-29 15:46:51',227,2,NULL,NULL,NULL,5,NULL,NULL),(228,'2023-05-29 15:46:51',228,2,NULL,NULL,NULL,5,NULL,NULL),(229,'2023-05-29 15:46:51',229,2,NULL,NULL,NULL,5,NULL,NULL),(230,'2023-05-29 15:46:51',230,2,NULL,NULL,NULL,5,NULL,NULL),(231,'2023-05-29 15:46:51',231,2,NULL,NULL,NULL,5,NULL,NULL),(232,'2023-05-29 15:46:51',232,2,NULL,NULL,NULL,5,NULL,NULL),(233,'2023-05-29 15:46:51',233,2,NULL,NULL,NULL,5,NULL,NULL),(234,'2023-05-29 15:46:51',234,2,NULL,NULL,NULL,5,NULL,NULL),(235,'2023-05-29 15:46:51',235,2,NULL,NULL,NULL,5,NULL,NULL),(236,'2023-05-29 15:46:51',236,2,NULL,NULL,NULL,5,NULL,NULL),(237,'2023-05-29 15:46:51',237,2,NULL,NULL,NULL,5,NULL,NULL),(238,'2023-05-29 15:46:51',238,2,NULL,NULL,NULL,5,NULL,NULL),(239,'2023-05-29 15:46:51',239,2,NULL,NULL,NULL,5,NULL,NULL),(240,'2023-05-29 15:46:51',240,2,NULL,NULL,NULL,5,NULL,NULL),(241,'2023-05-29 15:46:51',241,2,NULL,NULL,NULL,5,NULL,NULL),(242,'2023-05-29 15:46:51',242,2,NULL,NULL,NULL,5,NULL,NULL),(243,'2023-05-29 15:46:51',243,2,NULL,NULL,NULL,5,NULL,NULL),(244,'2023-05-29 15:46:51',244,2,NULL,NULL,NULL,5,NULL,NULL),(245,'2023-05-29 15:46:51',245,2,NULL,NULL,NULL,5,NULL,NULL),(246,'2023-05-29 15:46:51',246,2,NULL,NULL,NULL,5,NULL,NULL),(247,'2023-05-29 15:46:51',247,2,NULL,NULL,NULL,5,NULL,NULL),(248,'2023-05-29 15:46:51',248,2,NULL,NULL,NULL,5,NULL,NULL),(249,'2023-05-29 15:46:51',249,2,NULL,NULL,NULL,5,NULL,NULL),(250,'2023-05-29 15:46:51',250,2,NULL,NULL,NULL,5,NULL,NULL),(251,'2023-05-29 15:46:51',251,2,NULL,NULL,NULL,5,NULL,NULL),(252,'2023-05-29 15:46:51',252,2,NULL,NULL,NULL,5,NULL,NULL),(253,'2023-05-29 15:46:51',253,2,NULL,NULL,NULL,5,NULL,NULL),(254,'2023-05-29 15:46:51',254,2,NULL,NULL,NULL,5,NULL,NULL),(255,'2023-05-29 15:46:51',255,2,NULL,NULL,NULL,5,NULL,NULL),(256,'2023-05-29 15:46:51',256,2,NULL,NULL,NULL,5,NULL,NULL),(257,'2023-05-29 15:46:51',257,2,NULL,NULL,NULL,5,NULL,NULL),(258,'2023-05-29 15:46:51',258,2,NULL,NULL,NULL,5,NULL,NULL),(259,'2023-05-29 15:46:51',259,2,NULL,NULL,NULL,5,NULL,NULL),(260,'2023-05-29 15:46:51',260,2,NULL,NULL,NULL,5,NULL,NULL),(261,'2023-05-29 15:46:51',261,2,NULL,NULL,NULL,5,NULL,NULL),(262,'2023-05-29 15:46:51',262,2,NULL,NULL,NULL,5,NULL,NULL),(263,'2023-05-29 15:46:51',263,2,NULL,NULL,NULL,5,NULL,NULL),(264,'2023-05-29 15:46:51',264,2,NULL,NULL,NULL,5,NULL,NULL),(265,'2023-05-29 15:46:51',265,2,NULL,NULL,NULL,5,NULL,NULL),(266,'2023-05-29 15:46:51',266,2,NULL,NULL,NULL,5,NULL,NULL),(267,'2023-05-29 15:46:51',267,2,NULL,NULL,NULL,5,NULL,NULL),(268,'2023-05-29 15:46:51',268,2,NULL,NULL,NULL,5,NULL,NULL),(269,'2023-05-29 15:46:51',269,2,NULL,NULL,NULL,5,NULL,NULL),(270,'2023-05-29 15:46:51',270,2,NULL,NULL,NULL,5,NULL,NULL),(271,'2023-05-29 15:46:51',271,2,NULL,NULL,NULL,5,NULL,NULL),(272,'2023-05-29 15:46:51',272,2,NULL,NULL,NULL,5,NULL,NULL),(273,'2023-05-29 15:46:51',273,2,NULL,NULL,NULL,5,NULL,NULL),(274,'2023-05-29 15:46:51',274,2,NULL,NULL,NULL,5,NULL,NULL),(275,'2023-05-29 15:46:51',275,2,NULL,NULL,NULL,6,NULL,NULL),(276,'2023-05-29 15:46:51',276,2,NULL,NULL,NULL,6,NULL,NULL),(277,'2023-05-29 15:46:51',277,2,NULL,NULL,NULL,6,NULL,NULL),(278,'2023-05-29 15:46:51',278,2,NULL,NULL,NULL,6,NULL,NULL),(279,'2023-05-29 15:46:51',279,2,NULL,NULL,NULL,6,NULL,NULL),(280,'2023-05-29 15:46:51',280,2,NULL,NULL,NULL,6,NULL,NULL),(281,'2023-05-29 15:46:51',281,2,NULL,NULL,NULL,6,NULL,NULL),(282,'2023-05-29 15:46:51',282,2,NULL,NULL,NULL,6,NULL,NULL),(283,'2023-05-29 15:46:51',283,2,NULL,NULL,NULL,6,NULL,NULL),(284,'2023-05-29 15:46:51',284,2,NULL,NULL,NULL,6,NULL,NULL),(285,'2023-05-29 15:46:51',285,2,NULL,NULL,NULL,6,NULL,NULL),(286,'2023-05-29 15:46:51',286,2,NULL,NULL,NULL,6,NULL,NULL),(287,'2023-05-29 15:46:51',287,2,NULL,NULL,NULL,6,NULL,NULL),(288,'2023-05-29 15:46:51',288,2,NULL,NULL,NULL,6,NULL,NULL),(289,'2023-05-29 15:46:51',289,2,NULL,NULL,NULL,6,NULL,NULL),(290,'2023-05-29 15:46:51',290,2,NULL,NULL,NULL,6,NULL,NULL),(291,'2023-05-29 15:46:51',291,2,NULL,NULL,NULL,6,NULL,NULL),(292,'2023-05-29 15:46:51',292,2,NULL,NULL,NULL,6,NULL,NULL),(293,'2023-05-29 15:46:51',293,2,NULL,NULL,NULL,6,NULL,NULL),(294,'2023-05-29 15:46:51',294,2,NULL,NULL,NULL,6,NULL,NULL),(295,'2023-05-29 15:46:51',295,2,NULL,NULL,NULL,6,NULL,NULL),(296,'2023-05-29 15:46:51',296,2,NULL,NULL,NULL,6,NULL,NULL),(297,'2023-05-29 15:46:51',297,2,NULL,NULL,NULL,6,NULL,NULL),(298,'2023-05-29 15:46:51',298,2,NULL,NULL,NULL,6,NULL,NULL),(299,'2023-05-29 15:46:51',299,2,NULL,NULL,NULL,6,NULL,NULL),(300,'2023-05-29 15:46:51',300,2,NULL,NULL,NULL,6,NULL,NULL),(301,'2023-05-29 15:46:51',301,2,NULL,NULL,NULL,6,NULL,NULL),(302,'2023-05-29 15:46:51',302,2,NULL,NULL,NULL,6,NULL,NULL),(303,'2023-05-29 15:46:51',303,2,NULL,NULL,NULL,6,NULL,NULL),(304,'2023-05-29 15:46:51',304,2,NULL,NULL,NULL,6,NULL,NULL),(305,'2023-05-29 15:46:51',305,2,NULL,NULL,NULL,6,NULL,NULL),(306,'2023-05-29 15:46:51',306,2,NULL,NULL,NULL,6,NULL,NULL),(307,'2023-05-29 15:46:51',307,2,NULL,NULL,NULL,6,NULL,NULL),(308,'2023-05-29 15:46:51',308,2,NULL,NULL,NULL,6,NULL,NULL),(309,'2023-05-29 15:46:51',309,2,NULL,NULL,NULL,6,NULL,NULL),(310,'2023-05-29 15:46:51',310,2,NULL,NULL,NULL,6,NULL,NULL),(311,'2023-05-29 15:46:51',311,2,NULL,NULL,NULL,6,NULL,NULL),(312,'2023-05-29 15:46:51',312,2,NULL,NULL,NULL,6,NULL,NULL),(313,'2023-05-29 15:46:51',313,2,NULL,NULL,NULL,6,NULL,NULL),(314,'2023-05-29 15:46:51',314,2,NULL,NULL,NULL,6,NULL,NULL),(315,'2023-05-29 15:46:51',315,2,NULL,NULL,NULL,6,NULL,NULL),(316,'2023-05-29 15:46:51',316,2,NULL,NULL,NULL,6,NULL,NULL),(317,'2023-05-29 15:46:51',317,2,NULL,NULL,NULL,6,NULL,NULL),(318,'2023-05-29 15:46:51',318,2,NULL,NULL,NULL,6,NULL,NULL),(319,'2023-05-29 15:46:51',319,2,NULL,NULL,NULL,6,NULL,NULL),(320,'2023-05-29 15:46:51',320,2,NULL,NULL,NULL,6,NULL,NULL),(321,'2023-05-29 15:46:51',321,2,NULL,NULL,NULL,6,NULL,NULL),(322,'2023-05-29 15:46:51',322,2,NULL,NULL,NULL,6,NULL,NULL),(323,'2023-05-29 15:46:51',323,2,NULL,NULL,NULL,6,NULL,NULL),(324,'2023-05-29 15:46:51',324,2,NULL,NULL,NULL,6,NULL,NULL),(325,'2023-05-29 15:46:51',325,2,NULL,NULL,NULL,6,NULL,NULL),(326,'2023-05-29 15:46:51',326,2,NULL,NULL,NULL,6,NULL,NULL),(327,'2023-05-29 15:46:51',327,2,NULL,NULL,NULL,6,NULL,NULL),(328,'2023-05-29 15:46:51',328,2,NULL,NULL,NULL,6,NULL,NULL),(329,'2023-05-29 15:46:51',329,2,NULL,NULL,NULL,6,NULL,NULL),(330,'2023-05-29 15:46:51',330,2,NULL,NULL,NULL,6,NULL,NULL),(331,'2023-05-29 15:46:51',331,2,NULL,NULL,NULL,6,NULL,NULL),(332,'2023-05-29 15:46:51',332,2,NULL,NULL,NULL,6,NULL,NULL),(333,'2023-05-29 15:46:51',333,2,NULL,NULL,NULL,6,NULL,NULL),(334,'2023-05-29 15:46:51',334,2,NULL,NULL,NULL,6,NULL,NULL),(335,'2023-05-29 15:46:51',335,2,NULL,NULL,NULL,6,NULL,NULL),(336,'2023-05-29 15:46:51',336,2,NULL,NULL,NULL,6,NULL,NULL),(337,'2023-05-29 15:46:51',337,2,NULL,NULL,NULL,6,NULL,NULL),(338,'2023-05-29 15:46:51',338,2,NULL,NULL,NULL,6,NULL,NULL),(339,'2023-05-29 15:46:51',339,2,NULL,NULL,NULL,6,NULL,NULL),(340,'2023-05-29 15:46:51',340,2,NULL,NULL,NULL,6,NULL,NULL),(341,'2023-05-29 15:46:54',341,3,4,NULL,NULL,7,5,NULL),(342,'2023-05-29 15:46:54',342,3,4,NULL,NULL,7,5,NULL),(343,'2023-05-29 15:46:54',343,3,4,NULL,NULL,7,5,NULL),(344,'2023-05-29 15:46:54',344,3,4,NULL,NULL,7,5,NULL),(345,'2023-05-29 15:46:54',345,3,4,NULL,NULL,7,5,NULL),(346,'2023-05-29 15:46:54',346,3,4,NULL,NULL,7,5,NULL),(347,'2023-05-29 15:46:54',347,3,4,NULL,NULL,7,5,NULL),(348,'2023-05-29 15:46:54',348,3,4,NULL,NULL,7,5,NULL),(349,'2023-05-29 15:46:54',349,3,4,NULL,NULL,7,5,NULL),(350,'2023-05-29 15:46:54',350,3,4,NULL,NULL,7,5,NULL),(351,'2023-05-29 15:46:54',351,3,4,NULL,NULL,7,5,NULL),(352,'2023-05-29 15:46:54',352,3,4,NULL,NULL,7,5,NULL),(353,'2023-05-29 15:46:54',353,3,4,NULL,NULL,7,5,NULL),(354,'2023-05-29 15:46:54',354,3,4,NULL,NULL,7,5,NULL),(355,'2023-05-29 15:46:54',355,3,4,NULL,NULL,7,5,NULL),(356,'2023-05-29 15:46:54',356,3,4,NULL,NULL,7,5,NULL),(357,'2023-05-29 15:46:54',357,3,4,NULL,NULL,7,5,NULL),(358,'2023-05-29 15:46:54',358,3,4,NULL,NULL,7,5,NULL),(359,'2023-05-29 15:46:54',359,3,4,NULL,NULL,7,5,NULL),(360,'2023-05-29 15:46:54',360,3,4,NULL,NULL,7,5,NULL),(361,'2023-05-29 15:46:54',361,3,4,NULL,NULL,7,5,NULL),(362,'2023-05-29 15:46:54',362,3,4,NULL,NULL,7,5,NULL),(363,'2023-05-29 15:46:54',363,3,4,NULL,NULL,7,5,NULL),(364,'2023-05-29 15:46:54',364,3,4,NULL,NULL,7,5,NULL),(365,'2023-05-29 15:46:54',365,3,4,NULL,NULL,7,5,NULL),(366,'2023-05-29 15:46:54',366,3,4,NULL,NULL,7,5,NULL),(367,'2023-05-29 15:46:54',367,3,4,NULL,NULL,7,5,NULL),(368,'2023-05-29 15:46:54',368,3,4,NULL,NULL,7,5,NULL),(369,'2023-05-29 15:46:54',369,3,4,NULL,NULL,7,5,NULL),(370,'2023-05-29 15:46:54',370,3,4,NULL,NULL,7,5,NULL),(371,'2023-05-29 15:46:54',371,3,4,NULL,NULL,7,5,NULL),(372,'2023-05-29 15:46:54',372,3,4,NULL,NULL,7,5,NULL),(373,'2023-05-29 15:46:54',373,3,4,NULL,NULL,7,5,NULL),(374,'2023-05-29 15:46:54',374,3,4,NULL,NULL,7,6,NULL),(375,'2023-05-29 15:46:54',375,3,4,NULL,NULL,7,6,NULL),(376,'2023-05-29 15:46:54',376,3,4,NULL,NULL,7,6,NULL),(377,'2023-05-29 15:46:54',377,3,4,NULL,NULL,7,6,NULL),(378,'2023-05-29 15:46:54',378,3,4,NULL,NULL,7,6,NULL),(379,'2023-05-29 15:46:54',379,3,4,NULL,NULL,7,6,NULL),(380,'2023-05-29 15:46:54',380,3,4,NULL,NULL,7,6,NULL),(381,'2023-05-29 15:46:54',381,3,4,NULL,NULL,7,6,NULL),(382,'2023-05-29 15:46:54',382,3,4,NULL,NULL,7,6,NULL),(383,'2023-05-29 15:46:54',383,3,4,NULL,NULL,7,6,NULL),(384,'2023-05-29 15:46:54',384,3,4,NULL,NULL,7,6,NULL),(385,'2023-05-29 15:46:54',385,3,4,NULL,NULL,7,6,NULL),(386,'2023-05-29 15:46:54',386,3,4,NULL,NULL,7,6,NULL),(387,'2023-05-29 15:46:54',387,3,4,NULL,NULL,7,6,NULL),(388,'2023-05-29 15:46:54',388,3,4,NULL,NULL,7,6,NULL),(389,'2023-05-29 15:46:54',389,3,4,NULL,NULL,7,6,NULL),(390,'2023-05-29 15:46:54',390,3,4,NULL,NULL,7,6,NULL),(391,'2023-05-29 15:46:54',391,3,4,NULL,NULL,7,6,NULL),(392,'2023-05-29 15:46:54',392,3,4,NULL,NULL,7,6,NULL),(393,'2023-05-29 15:46:54',393,3,4,NULL,NULL,7,6,NULL),(394,'2023-05-29 15:46:54',394,3,4,NULL,NULL,7,6,NULL),(395,'2023-05-29 15:46:54',395,3,4,NULL,NULL,7,6,NULL),(396,'2023-05-29 15:46:54',396,3,4,NULL,NULL,7,6,NULL),(397,'2023-05-29 15:46:54',397,3,4,NULL,NULL,7,6,NULL),(398,'2023-05-29 15:46:54',398,3,4,NULL,NULL,7,6,NULL),(399,'2023-05-29 15:46:54',399,3,4,NULL,NULL,7,6,NULL),(400,'2023-05-29 15:46:54',400,3,4,NULL,NULL,7,6,NULL),(401,'2023-05-29 15:46:57',401,4,4,3,12,NULL,7,NULL),(402,'2023-05-29 15:46:57',402,4,4,3,12,NULL,7,NULL),(403,'2023-05-29 15:46:57',403,4,4,3,12,NULL,7,NULL),(404,'2023-05-29 15:46:57',404,4,4,3,12,NULL,7,NULL),(405,'2023-05-29 15:46:57',405,4,4,3,12,NULL,7,NULL),(406,'2023-05-29 15:46:57',406,4,4,3,12,NULL,7,NULL),(407,'2023-05-29 15:46:57',407,4,4,3,12,NULL,7,NULL),(408,'2023-05-29 15:46:57',408,4,4,3,12,NULL,7,NULL),(409,'2023-05-29 15:46:57',409,4,4,3,12,NULL,7,NULL),(410,'2023-05-29 15:46:57',410,4,4,3,12,NULL,7,NULL),(411,'2023-05-29 15:46:57',411,4,4,3,12,NULL,7,NULL),(412,'2023-05-29 15:46:57',412,4,4,3,12,NULL,7,NULL),(413,'2023-05-29 15:46:57',413,4,4,3,12,NULL,7,NULL),(414,'2023-05-29 15:46:57',414,4,4,3,12,NULL,7,NULL),(415,'2023-05-29 15:46:57',415,4,4,3,12,NULL,7,NULL),(416,'2023-05-29 15:46:57',416,4,4,3,12,NULL,7,NULL),(417,'2023-05-29 15:46:57',417,4,4,3,12,NULL,7,NULL),(418,'2023-05-29 15:46:57',418,4,4,3,12,NULL,7,NULL),(419,'2023-05-29 15:46:57',419,4,4,3,12,NULL,7,NULL),(420,'2023-05-29 15:46:57',420,4,4,3,12,NULL,7,NULL),(421,'2023-05-29 15:46:57',421,4,4,3,13,NULL,7,NULL),(422,'2023-05-29 15:46:57',422,4,4,3,12,NULL,7,NULL),(423,'2023-05-29 15:46:57',423,4,4,3,12,NULL,7,NULL),(424,'2023-05-29 15:46:57',424,4,4,3,12,NULL,7,NULL),(425,'2023-05-29 15:46:57',425,4,4,3,12,NULL,7,NULL),(426,'2023-05-29 15:46:57',426,4,4,3,12,NULL,7,NULL),(427,'2023-05-29 15:46:57',427,4,4,3,12,NULL,7,NULL),(428,'2023-05-29 15:46:57',428,4,4,3,12,NULL,7,NULL),(429,'2023-05-29 15:46:57',429,4,4,3,12,NULL,7,NULL),(430,'2023-05-29 15:46:57',430,4,4,3,12,NULL,7,NULL),(431,'2023-05-29 15:46:57',431,4,4,3,12,NULL,7,NULL),(432,'2023-05-29 15:46:57',432,4,4,3,12,NULL,7,NULL),(433,'2023-05-29 15:46:57',433,4,4,3,12,NULL,7,NULL),(434,'2023-05-29 15:46:57',434,4,4,3,12,NULL,7,NULL),(435,'2023-05-29 15:46:57',435,4,4,3,12,NULL,7,NULL),(436,'2023-05-29 15:46:57',436,4,4,3,12,NULL,7,NULL),(437,'2023-05-29 15:46:57',437,4,4,3,12,NULL,7,NULL),(438,'2023-05-29 15:46:57',438,4,4,3,12,NULL,7,NULL),(439,'2023-05-29 15:46:57',439,4,4,3,12,NULL,7,NULL),(440,'2023-05-29 15:46:57',440,4,4,3,12,NULL,7,NULL),(441,'2023-05-29 15:46:57',441,4,4,3,12,NULL,7,NULL),(442,'2023-05-29 15:46:57',442,4,4,3,12,NULL,7,NULL),(443,'2023-05-29 15:46:57',443,4,4,3,12,NULL,7,NULL),(444,'2023-05-29 15:46:57',444,4,4,3,12,NULL,7,NULL),(445,'2023-05-29 15:46:57',445,4,4,3,12,NULL,7,NULL),(446,'2023-05-29 15:46:57',446,4,4,3,12,NULL,7,NULL),(447,'2023-05-29 15:46:57',447,4,4,3,12,NULL,7,NULL),(448,'2023-05-29 15:46:57',448,4,4,3,12,NULL,7,NULL),(449,'2023-05-29 15:46:57',449,4,4,3,12,NULL,7,NULL),(450,'2023-05-29 15:46:57',450,4,4,3,12,NULL,7,NULL),(451,'2023-05-29 15:46:57',451,4,4,3,12,NULL,7,NULL),(452,'2023-05-29 15:46:57',452,4,4,3,12,NULL,7,NULL),(453,'2023-05-29 15:46:57',453,4,4,3,12,NULL,7,NULL),(454,'2023-05-29 15:46:57',454,4,4,3,12,NULL,8,NULL),(455,'2023-05-29 15:46:57',455,4,4,3,12,NULL,8,NULL),(456,'2023-05-29 15:46:57',456,4,4,3,12,NULL,8,NULL),(457,'2023-05-29 15:46:57',457,4,4,3,12,NULL,8,NULL),(458,'2023-05-29 15:46:57',458,4,4,3,12,NULL,8,NULL),(459,'2023-05-29 15:46:57',459,4,4,3,12,NULL,8,NULL),(460,'2023-05-29 15:46:57',460,4,4,3,12,NULL,8,NULL),(461,'2023-05-29 15:46:57',461,4,4,3,12,NULL,8,NULL),(462,'2023-05-29 15:46:57',462,4,4,3,12,NULL,8,NULL),(463,'2023-05-29 15:46:57',463,4,4,3,12,NULL,8,NULL),(464,'2023-05-29 15:46:57',464,4,4,3,12,NULL,8,NULL),(465,'2023-05-29 15:46:57',465,4,4,3,12,NULL,8,NULL),(466,'2023-05-29 15:46:57',466,4,4,3,12,NULL,8,NULL),(467,'2023-05-29 15:46:57',467,4,4,3,12,NULL,8,NULL),(468,'2023-05-29 15:46:57',468,4,4,3,12,NULL,9,NULL),(469,'2023-05-29 15:46:57',469,4,4,3,12,NULL,9,NULL),(470,'2023-05-29 15:46:57',470,4,4,3,12,NULL,9,NULL),(471,'2023-05-29 15:46:57',471,4,4,3,12,NULL,9,NULL),(472,'2023-05-29 15:46:57',472,4,4,3,12,NULL,9,NULL),(473,'2023-05-29 15:46:57',473,4,4,3,12,NULL,9,NULL),(474,'2023-05-29 15:46:57',474,4,4,3,12,NULL,9,NULL),(475,'2023-05-29 15:46:57',475,4,4,3,12,NULL,9,NULL),(476,'2023-05-29 15:46:57',476,4,4,3,12,NULL,9,NULL),(477,'2023-05-29 15:46:57',477,4,4,3,12,NULL,9,NULL),(478,'2023-05-29 15:46:57',478,4,4,3,12,NULL,9,NULL),(479,'2023-05-29 15:46:57',479,4,4,3,12,NULL,9,NULL),(480,'2023-05-29 15:46:57',480,4,4,3,12,NULL,9,NULL),(481,'2023-05-29 15:47:00',481,5,6,5,21,11,10,NULL),(482,'2023-05-29 15:47:00',482,5,6,5,21,11,10,NULL),(483,'2023-05-29 15:47:00',483,5,6,5,21,11,10,NULL),(484,'2023-05-29 15:47:00',484,5,6,5,21,11,10,NULL),(485,'2023-05-29 15:47:00',485,5,6,5,21,11,10,NULL),(486,'2023-05-29 15:47:00',486,5,6,5,21,11,10,NULL),(487,'2023-05-29 15:47:00',487,5,6,5,21,11,10,NULL),(488,'2023-05-29 15:47:00',488,5,6,5,21,11,10,NULL),(489,'2023-05-29 15:47:00',489,5,6,5,21,11,10,NULL),(490,'2023-05-29 15:47:00',490,5,6,5,21,11,10,NULL),(491,'2023-05-29 15:47:00',491,5,6,5,21,11,10,NULL),(492,'2023-05-29 15:47:00',492,5,6,5,21,11,10,NULL),(493,'2023-05-29 15:47:00',493,5,6,5,21,11,10,NULL),(494,'2023-05-29 15:47:00',494,5,6,5,22,11,10,NULL),(495,'2023-05-29 15:47:00',495,5,6,5,22,11,10,NULL),(496,'2023-05-29 15:47:00',496,5,6,5,22,11,10,NULL),(497,'2023-05-29 15:47:00',497,5,6,5,22,11,10,NULL),(498,'2023-05-29 15:47:00',498,5,6,5,22,11,10,NULL),(499,'2023-05-29 15:47:00',499,5,6,5,22,11,10,NULL),(500,'2023-05-29 15:47:00',500,5,6,5,22,11,10,NULL),(501,'2023-05-29 15:47:00',501,5,6,5,22,11,10,NULL),(502,'2023-05-29 15:47:00',502,5,6,5,22,11,10,NULL),(503,'2023-05-29 15:47:00',503,5,6,5,22,11,10,NULL),(504,'2023-05-29 15:47:00',504,5,6,5,22,11,10,NULL),(505,'2023-05-29 15:47:00',505,5,6,5,21,11,10,NULL),(506,'2023-05-29 15:47:00',506,5,6,5,21,11,11,NULL),(507,'2023-05-29 15:47:00',507,5,6,5,21,11,11,NULL),(508,'2023-05-29 15:47:00',508,5,6,5,21,11,11,NULL),(509,'2023-05-29 15:47:00',509,5,6,5,21,11,11,NULL),(510,'2023-05-29 15:47:00',510,5,6,5,21,11,11,NULL),(511,'2023-05-29 15:47:00',511,5,6,5,21,11,11,NULL),(512,'2023-05-29 15:47:00',512,5,6,5,21,11,11,NULL),(513,'2023-05-29 15:47:00',513,5,6,5,21,11,11,NULL),(514,'2023-05-29 15:47:00',514,5,6,5,21,11,11,NULL),(515,'2023-05-29 15:47:00',515,5,6,5,21,11,11,NULL),(516,'2023-05-29 15:47:00',516,5,6,5,21,11,11,NULL),(517,'2023-05-29 15:47:00',517,5,6,5,21,11,11,NULL),(518,'2023-05-29 15:47:00',518,5,6,5,21,11,11,NULL),(519,'2023-05-29 15:47:00',519,5,6,5,21,11,11,NULL),(520,'2023-05-29 15:47:00',520,5,6,5,21,11,11,NULL),(521,'2023-05-29 15:47:00',521,5,6,5,21,11,11,NULL),(522,'2023-05-29 15:47:00',522,5,6,5,21,11,11,NULL),(523,'2023-05-29 15:47:00',523,5,6,5,21,11,11,NULL),(524,'2023-05-29 15:47:00',524,5,6,5,21,11,11,NULL),(525,'2023-05-29 15:47:00',525,5,6,5,21,11,11,NULL),(526,'2023-05-29 15:47:00',526,5,6,5,21,11,11,NULL),(527,'2023-05-29 15:47:00',527,5,6,5,21,11,11,NULL),(528,'2023-05-29 15:47:00',528,5,6,5,21,11,11,NULL),(529,'2023-05-29 15:47:00',529,5,6,5,21,11,11,NULL),(530,'2023-05-29 15:47:00',530,5,6,5,21,11,11,NULL),(531,'2023-05-29 15:47:00',531,5,8,7,26,13,14,NULL),(532,'2023-05-29 15:47:00',532,5,8,7,26,13,14,NULL),(533,'2023-05-29 15:47:00',533,5,8,7,26,13,14,NULL),(534,'2023-05-29 15:47:00',534,5,8,7,26,13,14,NULL),(535,'2023-05-29 15:47:00',535,5,8,7,26,13,14,NULL),(536,'2023-05-29 15:47:00',536,5,8,7,26,13,14,NULL),(537,'2023-05-29 15:47:00',537,5,8,7,26,13,14,NULL),(538,'2023-05-29 15:47:00',538,5,8,7,26,13,14,NULL),(539,'2023-05-29 15:47:00',539,5,8,7,26,13,14,NULL),(540,'2023-05-29 15:47:00',540,5,8,7,26,13,14,NULL),(541,'2023-05-29 15:47:00',541,5,8,7,26,13,14,NULL),(542,'2023-05-29 15:47:00',542,5,8,7,26,13,14,NULL),(543,'2023-05-29 15:47:00',543,5,8,7,26,13,14,NULL),(544,'2023-05-29 15:47:00',544,5,8,7,26,13,14,NULL),(545,'2023-05-29 15:47:00',545,5,8,7,26,13,14,NULL),(546,'2023-05-29 15:47:00',546,5,8,7,26,13,14,NULL),(547,'2023-05-29 15:47:00',547,5,8,7,26,13,14,NULL),(548,'2023-05-29 15:47:00',548,5,8,7,26,13,14,NULL),(549,'2023-05-29 15:47:00',549,5,8,7,26,13,14,NULL),(550,'2023-05-29 15:47:00',550,5,8,7,26,13,14,NULL),(551,'2023-05-29 15:47:00',551,5,8,7,26,13,15,NULL),(552,'2023-05-29 15:47:00',552,5,8,7,26,13,15,NULL),(553,'2023-05-29 15:47:00',553,5,8,7,26,13,15,NULL),(554,'2023-05-29 15:47:00',554,5,8,7,27,13,15,NULL),(555,'2023-05-29 15:47:00',555,5,8,7,27,13,15,NULL),(556,'2023-05-29 15:47:00',556,5,8,7,27,13,15,NULL),(557,'2023-05-29 15:47:00',557,5,8,7,27,13,15,NULL),(558,'2023-05-29 15:47:00',558,5,8,7,27,13,15,NULL),(559,'2023-05-29 15:47:00',559,5,8,7,27,13,15,NULL),(560,'2023-05-29 15:47:00',560,5,8,7,27,13,15,NULL),(561,'2023-05-29 15:47:00',561,5,8,7,27,13,15,NULL),(562,'2023-05-29 15:47:00',562,5,8,7,27,13,15,NULL),(563,'2023-05-29 15:47:00',563,5,8,7,27,13,15,NULL),(564,'2023-05-29 15:47:00',564,5,8,7,27,13,15,NULL),(565,'2023-05-29 15:47:00',565,5,8,7,27,13,15,NULL),(566,'2023-05-29 15:47:00',566,5,8,7,27,13,15,NULL),(567,'2023-05-29 15:47:00',567,5,8,7,27,13,15,NULL),(568,'2023-05-29 15:47:00',568,5,8,7,27,13,15,NULL),(569,'2023-05-29 15:47:00',569,5,8,7,27,13,15,NULL),(570,'2023-05-29 15:47:00',570,5,8,7,27,13,15,NULL),(571,'2023-05-29 15:47:03',571,6,9,9,47,9,1,NULL),(572,'2023-05-29 15:47:03',572,6,9,9,47,9,1,NULL),(573,'2023-05-29 15:47:03',573,6,9,9,47,9,1,NULL),(574,'2023-05-29 15:47:03',574,6,9,9,47,9,1,NULL),(575,'2023-05-29 15:47:03',575,6,9,9,47,9,1,NULL),(576,'2023-05-29 15:47:03',576,6,9,9,47,9,1,NULL),(577,'2023-05-29 15:47:03',577,6,9,9,47,9,1,NULL),(578,'2023-05-29 15:47:03',578,6,9,9,47,9,1,NULL),(579,'2023-05-29 15:47:03',579,6,9,9,47,9,1,NULL),(580,'2023-05-29 15:47:03',580,6,9,9,47,9,1,NULL),(581,'2023-05-29 15:47:03',581,6,9,9,48,9,2,NULL),(582,'2023-05-29 15:47:03',582,6,9,9,48,9,2,NULL),(583,'2023-05-29 15:47:03',583,6,9,9,48,9,2,NULL),(584,'2023-05-29 15:47:03',584,6,9,9,48,9,2,NULL),(585,'2023-05-29 15:47:03',585,6,9,9,48,9,2,NULL),(586,'2023-05-29 15:47:03',586,6,9,9,48,9,2,NULL),(587,'2023-05-29 15:47:03',587,6,9,9,48,9,2,NULL),(588,'2023-05-29 15:47:03',588,6,9,9,48,9,2,NULL),(589,'2023-05-29 15:47:03',589,6,9,9,48,9,2,NULL),(590,'2023-05-29 15:47:03',590,6,9,9,49,9,2,NULL),(591,'2023-05-29 15:47:03',591,6,9,9,49,9,3,NULL),(592,'2023-05-29 15:47:03',592,6,9,9,49,9,3,NULL),(593,'2023-05-29 15:47:03',593,6,9,9,49,9,3,NULL),(594,'2023-05-29 15:47:03',594,6,9,9,49,9,3,NULL),(595,'2023-05-29 15:47:03',595,6,9,9,49,9,3,NULL),(596,'2023-05-29 15:47:03',596,6,9,9,49,9,3,NULL),(597,'2023-05-29 15:47:03',597,6,9,9,49,9,3,NULL),(598,'2023-05-29 15:47:03',598,6,9,9,49,9,3,NULL),(599,'2023-05-29 15:47:03',599,6,9,9,49,9,3,NULL),(600,'2023-05-29 15:47:03',600,6,9,9,49,9,4,NULL),(601,'2023-05-29 15:47:03',601,6,9,9,49,9,4,NULL),(602,'2023-05-29 15:47:03',602,6,9,9,50,9,5,NULL),(603,'2023-05-29 15:47:03',603,6,9,9,50,9,5,NULL),(604,'2023-05-29 15:47:03',604,6,9,9,50,9,5,NULL),(605,'2023-05-29 15:47:03',605,6,9,9,50,9,5,NULL),(606,'2023-05-29 15:47:03',606,6,9,9,50,9,5,NULL),(607,'2023-05-29 15:47:03',607,6,9,9,50,9,5,NULL),(608,'2023-05-29 15:47:03',608,6,9,9,50,9,5,NULL),(609,'2023-05-29 15:47:03',609,6,9,9,50,9,5,NULL),(610,'2023-05-29 15:47:03',610,6,9,9,50,9,5,NULL),(611,'2023-05-29 15:47:03',611,6,9,9,50,9,5,NULL),(612,'2023-05-29 15:47:03',612,6,9,9,50,9,5,NULL),(613,'2023-05-29 15:47:03',613,6,9,9,50,9,5,NULL),(614,'2023-05-29 15:47:03',614,6,9,9,50,9,5,NULL),(615,'2023-05-29 15:47:03',615,6,9,9,50,9,5,NULL),(616,'2023-05-29 15:47:03',616,6,9,9,50,9,5,NULL),(617,'2023-05-29 15:47:03',617,6,9,9,50,9,5,NULL),(618,'2023-05-29 15:47:03',618,6,9,9,50,9,5,NULL),(619,'2023-05-29 15:47:03',619,6,9,9,50,9,5,NULL),(620,'2023-05-29 15:47:03',620,6,9,9,50,9,5,NULL),(621,'2023-05-29 15:47:03',621,6,9,9,50,9,6,NULL),(622,'2023-05-29 15:47:03',622,6,9,9,50,9,6,NULL),(623,'2023-05-29 15:47:03',623,6,9,9,50,9,6,NULL),(624,'2023-05-29 15:47:03',624,6,9,9,50,9,6,NULL),(625,'2023-05-29 15:47:03',625,6,9,9,50,9,6,NULL),(626,'2023-05-29 15:47:03',626,6,9,9,50,9,6,NULL),(627,'2023-05-29 15:47:03',627,6,9,9,50,9,6,NULL),(628,'2023-05-29 15:47:03',628,6,9,9,50,9,6,NULL),(629,'2023-05-29 15:47:03',629,6,9,9,50,9,6,NULL),(630,'2023-05-29 15:47:03',630,6,9,9,50,9,6,NULL),(631,'2023-05-29 15:47:03',631,6,9,9,50,9,6,NULL),(632,'2023-05-29 15:47:03',632,6,9,9,50,9,6,NULL),(633,'2023-05-29 15:47:03',633,6,9,9,50,9,6,NULL),(634,'2023-05-29 15:47:03',634,6,9,9,50,9,6,NULL),(635,'2023-05-29 15:47:03',635,6,9,9,50,9,6,NULL),(636,'2023-05-29 15:47:03',636,6,9,9,50,9,6,NULL),(637,'2023-05-29 15:47:03',637,6,9,9,50,9,6,NULL),(638,'2023-05-29 15:47:03',638,6,9,9,50,9,6,NULL),(639,'2023-05-29 15:47:03',639,6,9,9,50,9,6,NULL),(640,'2023-05-29 15:47:03',640,6,9,9,47,9,6,NULL),(641,'2023-05-29 15:47:03',641,6,9,9,47,9,6,NULL),(642,'2023-05-29 15:47:03',642,6,9,9,47,9,6,NULL),(643,'2023-05-29 15:47:03',643,6,9,9,47,9,6,NULL),(644,'2023-05-29 15:47:03',644,6,9,9,47,9,6,NULL),(645,'2023-05-29 15:47:03',645,6,9,9,47,9,6,NULL),(646,'2023-05-29 15:47:03',646,6,9,9,47,9,6,NULL),(647,'2023-05-29 15:47:03',647,6,9,9,47,9,6,NULL),(648,'2023-05-29 15:47:03',648,6,9,9,47,9,6,NULL),(649,'2023-05-29 15:47:03',649,6,9,9,47,9,6,NULL),(650,'2023-05-29 15:47:03',650,6,9,9,47,9,6,NULL),(651,'2023-05-29 15:47:09',651,5,2,2,1,3,1,NULL),(652,'2023-05-29 15:47:09',652,5,2,2,1,3,1,NULL),(653,'2023-05-29 15:47:09',653,5,2,2,1,3,1,NULL),(654,'2023-05-29 15:47:09',654,5,2,2,1,3,1,NULL),(655,'2023-05-29 15:47:09',655,5,2,2,1,3,1,NULL),(656,'2023-05-29 15:47:09',656,5,2,2,1,3,1,NULL),(657,'2023-05-29 15:47:09',657,5,2,2,1,3,1,NULL),(658,'2023-05-29 15:47:09',658,5,2,2,1,3,1,NULL),(659,'2023-05-29 15:47:09',659,5,2,2,1,3,1,NULL),(660,'2023-05-29 15:47:09',660,5,2,2,1,3,1,NULL),(661,'2023-05-29 15:47:09',661,5,2,2,1,3,2,NULL),(662,'2023-05-29 15:47:09',662,5,2,2,1,3,2,NULL),(663,'2023-05-29 15:47:09',663,5,2,2,1,3,2,NULL),(664,'2023-05-29 15:47:09',664,5,2,2,1,3,2,NULL),(665,'2023-05-29 15:47:09',665,5,2,2,1,3,2,NULL),(666,'2023-05-29 15:47:09',666,5,2,2,1,3,2,NULL),(667,'2023-05-29 15:47:09',667,5,2,2,1,3,2,NULL),(668,'2023-05-29 15:47:09',668,5,2,2,1,3,2,NULL),(669,'2023-05-29 15:47:09',669,5,2,2,1,3,2,NULL),(670,'2023-05-29 15:47:09',670,5,2,2,1,3,2,NULL),(671,'2023-05-29 15:47:09',671,3,2,NULL,NULL,2,2,NULL),(672,'2023-05-29 15:47:09',672,3,2,NULL,NULL,2,2,NULL),(673,'2023-05-29 15:47:09',673,3,2,NULL,NULL,2,2,NULL),(674,'2023-05-29 15:47:09',674,3,2,NULL,NULL,2,2,NULL),(675,'2023-05-29 15:47:09',675,3,2,NULL,NULL,2,2,NULL),(676,'2023-05-29 15:47:09',676,3,2,NULL,NULL,2,2,NULL),(677,'2023-05-29 15:47:09',677,3,2,NULL,NULL,2,2,NULL),(678,'2023-05-29 15:47:09',678,3,2,NULL,NULL,2,2,NULL),(679,'2023-05-29 15:47:09',679,3,2,NULL,NULL,2,2,NULL),(680,'2023-05-29 15:47:09',680,3,2,NULL,NULL,2,2,NULL),(681,'2023-05-29 15:47:09',681,4,1,1,3,NULL,1,NULL),(682,'2023-05-29 15:47:09',682,4,1,1,3,NULL,1,NULL),(683,'2023-05-29 15:47:09',683,4,1,1,3,NULL,1,NULL),(684,'2023-05-29 15:47:09',684,4,1,1,3,NULL,1,NULL),(685,'2023-05-29 15:47:09',685,4,1,1,3,NULL,1,NULL),(686,'2023-05-29 15:47:09',686,4,1,1,3,NULL,1,NULL),(687,'2023-05-29 15:47:09',687,4,1,1,3,NULL,1,NULL),(688,'2023-05-29 15:47:09',688,4,1,1,3,NULL,1,NULL),(689,'2023-05-29 15:47:09',689,4,1,1,3,NULL,1,NULL),(690,'2023-05-29 15:47:09',690,4,1,1,3,NULL,1,NULL),(691,'2023-05-30 21:50:45',691,5,1,1,5,1,1,NULL),(692,'2023-05-30 21:50:45',692,5,1,1,5,1,1,NULL),(693,'2023-05-30 21:50:45',693,5,1,1,5,1,1,NULL),(694,'2023-05-30 21:50:45',694,5,1,1,5,1,1,NULL),(695,'2023-05-30 21:50:45',695,5,1,1,5,1,1,NULL),(696,'2023-05-30 21:50:45',696,5,1,1,5,1,1,NULL),(697,'2023-05-30 21:50:45',697,5,1,1,5,1,1,NULL),(698,'2023-05-30 21:50:45',698,5,1,1,5,1,1,NULL),(699,'2023-05-30 21:50:45',699,5,1,1,5,1,1,NULL),(700,'2023-05-30 21:50:45',700,5,1,1,5,1,1,NULL),(701,'2023-05-30 21:50:45',701,5,1,1,5,1,1,NULL),(702,'2023-05-30 21:50:45',702,5,1,1,5,1,1,NULL),(703,'2023-05-30 21:50:45',703,5,1,1,5,1,1,NULL),(704,'2023-05-30 21:50:45',704,5,1,1,5,1,1,NULL),(705,'2023-05-30 21:50:45',705,5,1,1,5,1,1,NULL),(706,'2023-05-30 21:50:45',706,5,1,1,5,1,1,NULL),(707,'2023-05-30 21:50:45',707,5,1,1,5,1,1,NULL),(708,'2023-05-30 21:50:45',709,5,1,1,5,1,1,NULL),(709,'2023-05-30 21:50:45',710,5,1,1,5,1,1,NULL),(710,'2023-05-30 21:50:45',711,5,1,1,5,1,1,NULL),(711,'2023-05-30 21:50:45',712,5,1,1,5,1,1,NULL),(712,'2023-05-30 21:50:45',713,5,1,1,5,1,1,NULL),(713,'2023-05-30 21:50:45',714,5,1,1,5,1,1,NULL),(714,'2023-05-30 21:50:45',715,5,1,1,5,1,1,NULL),(715,'2023-05-30 21:50:45',716,5,1,1,5,1,1,NULL),(716,'2023-05-30 21:50:45',717,5,1,1,5,1,1,NULL),(717,'2023-05-30 21:50:45',718,5,1,1,5,1,1,NULL),(718,'2023-05-30 21:50:45',719,5,1,1,5,1,1,NULL),(719,'2023-05-30 21:50:45',720,5,1,1,5,1,1,NULL),(720,'2023-05-30 21:50:45',721,6,1,1,5,17,3,NULL),(721,'2023-05-30 21:50:45',722,6,1,1,5,17,3,NULL),(722,'2023-05-30 21:50:45',723,6,1,1,5,17,3,NULL),(723,'2023-05-30 21:50:45',724,6,1,1,5,17,3,NULL),(724,'2023-05-30 21:50:45',725,6,1,1,5,17,3,NULL),(725,'2023-05-30 21:50:45',726,6,1,1,5,17,3,NULL),(726,'2023-05-30 21:50:45',727,6,1,1,5,17,3,NULL),(727,'2023-05-30 21:50:45',728,6,1,1,5,17,3,NULL),(728,'2023-05-30 21:50:45',729,6,1,1,5,17,3,NULL),(729,'2023-05-30 21:50:45',730,6,1,1,5,17,3,NULL);
/*!40000 ALTER TABLE `bins` ENABLE KEYS */;
UNLOCK TABLES;

--
-- Table structure for table `farms`
--

DROP TABLE IF EXISTS `farms`;
/*!40101 SET @saved_cs_client     = @@character_set_client */;
/*!50503 SET character_set_client = utf8mb4 */;
CREATE TABLE `farms` (
  `farmID` int NOT NULL AUTO_INCREMENT,
  `total_Paddocks` int DEFAULT NULL,
  `farming_group` varchar(255) DEFAULT NULL,
  `farmName` varchar(255) DEFAULT NULL,
  `location` varchar(255) DEFAULT NULL,
  `farm region` varchar(255) DEFAULT NULL,
  PRIMARY KEY (`farmID`),
  UNIQUE KEY `idFarms_UNIQUE` (`farmID`)
) ENGINE=InnoDB AUTO_INCREMENT=21 DEFAULT CHARSET=utf8mb4 COLLATE=utf8mb4_0900_ai_ci COMMENT='List of Farms';
/*!40101 SET character_set_client = @saved_cs_client */;

--
-- Dumping data for table `farms`
--

LOCK TABLES `farms` WRITE;
/*!40000 ALTER TABLE `farms` DISABLE KEYS */;
INSERT INTO `farms` VALUES (1,6,'InternatiolAgrLTD','Area1','Mossman','Shire of Douglas'),(2,5,'InternatiolAgrLTD','Area2','Mossman','Shire of Douglas'),(3,3,'InternatiolAgrLTD','Area3','Mossman','Shire of Douglas'),(4,6,'InternatiolAgrLTD','Area4','Mossman','Shire of Douglas'),(5,4,'InternatiolAgrLTD','Area5','Mossman','Shire of Douglas'),(6,5,'InternatiolAgrLTD','Area6','Mossman','Shire of Douglas'),(7,13,'InternatiolAgrLTD','Area7','Mossman','Shire of Douglas'),(8,5,'InternatiolAgrLTD','Area8','Mossman','Shire of Douglas'),(9,5,'InternatiolAgrLTD','Area9','Mossman','Shire of Douglas'),(10,5,'InternatiolAgrLTD','Area10','Mossman','Shire of Douglas'),(11,5,'InternatiolAgrLTD','Area11','Mossman','Shire of Douglas'),(12,5,'InternatiolAgrLTD','Area12','Mossman','Shire of Douglas'),(13,5,'InternatiolAgrLTD','YoungBullFarms','Mossman','Shire of Douglas'),(14,5,'InternatiolAgrLTD','Richards Farms','Mossman','Shire of Douglas'),(15,5,'InternatiolAgrLTD','Terry\'s Hastings','Mossman','Shire of Douglas'),(16,5,'InternatiolAgrLTD','Sleepy Hollow','Mossman','Shire of Douglas'),(17,5,'InternatiolAgrLTD','One Tree','Mossman','Shire of Douglas'),(18,5,'InternatiolAgrLTD','Quiet Away','Mossman','Shire of Douglas'),(19,5,'InternatiolAgrLTD','Terry\'s Second Farm','Mossman','Shire of Douglas'),(20,5,'InternatiolAgrLTD','Old Red Farms','Mossman','Shire of Douglas');
/*!40000 ALTER TABLE `farms` ENABLE KEYS */;
UNLOCK TABLES;

--
-- Table structure for table `harvester`
--

DROP TABLE IF EXISTS `harvester`;
/*!40101 SET @saved_cs_client     = @@character_set_client */;
/*!50503 SET character_set_client = utf8mb4 */;
CREATE TABLE `harvester` (
  `harvesterID` int NOT NULL AUTO_INCREMENT,
  `harvesterName` varchar(255) DEFAULT NULL,
  PRIMARY KEY (`harvesterID`),
  UNIQUE KEY `idHarvester_UNIQUE` (`harvesterID`)
) ENGINE=InnoDB AUTO_INCREMENT=21 DEFAULT CHARSET=utf8mb4 COLLATE=utf8mb4_0900_ai_ci COMMENT='List of Harvester';
/*!40101 SET character_set_client = @saved_cs_client */;

--
-- Dumping data for table `harvester`
--

LOCK TABLES `harvester` WRITE;
/*!40000 ALTER TABLE `harvester` DISABLE KEYS */;
INSERT INTO `harvester` VALUES (1,'Harvester1'),(2,'Harvester2'),(3,'Harvester3'),(4,'Harvester4'),(5,'JohnDeere'),(6,'JohnDeere1'),(7,'JohnDeer2'),(8,'MartyMcMills Group'),(9,'TrevorsGroupLtd'),(10,'BundabergGroup'),(11,'AgriGroupQLD'),(12,'FarmTeamQLD'),(13,'FNQHarvestGroup'),(14,'FrankyHarvesters'),(15,'MossGroup'),(16,'CarinsSugarGroup'),(17,'ToolGroup'),(18,'HenryQLD'),(19,'JarrodFNQLtd'),(20,'GrowersGroup');
/*!40000 ALTER TABLE `harvester` ENABLE KEYS */;
UNLOCK TABLES;

--
-- Table structure for table `locomotive`
--

DROP TABLE IF EXISTS `locomotive`;
/*!40101 SET @saved_cs_client     = @@character_set_client */;
/*!50503 SET character_set_client = utf8mb4 */;
CREATE TABLE `locomotive` (
  `locoID` int NOT NULL AUTO_INCREMENT,
  `locoName` varchar(255) DEFAULT NULL,
  PRIMARY KEY (`locoID`),
  UNIQUE KEY `idLocomotive_UNIQUE` (`locoID`)
) ENGINE=InnoDB AUTO_INCREMENT=21 DEFAULT CHARSET=utf8mb4 COLLATE=utf8mb4_0900_ai_ci COMMENT='list of locomotive';
/*!40101 SET character_set_client = @saved_cs_client */;

--
-- Dumping data for table `locomotive`
--

LOCK TABLES `locomotive` WRITE;
/*!40000 ALTER TABLE `locomotive` DISABLE KEYS */;
INSERT INTO `locomotive` VALUES (1,'Loco 1'),(2,'Loco 2'),(3,'Loco 3'),(4,'Loco 4'),(5,'Loco 5'),(6,'Loco 6'),(7,'Loco 7'),(8,'Loco 8'),(9,'Loco 9'),(10,'Loco 10'),(11,'Loco 11'),(12,'Loco 12'),(13,'Loco 13'),(14,'Loco 14'),(15,'Loco 15'),(16,'Loco 16'),(17,'Loco 17'),(18,'Loco 18'),(19,'Loco 19'),(20,'Loco 20');
/*!40000 ALTER TABLE `locomotive` ENABLE KEYS */;
UNLOCK TABLES;

--
-- Table structure for table `paddocks`
--

DROP TABLE IF EXISTS `paddocks`;
/*!40101 SET @saved_cs_client     = @@character_set_client */;
/*!50503 SET character_set_client = utf8mb4 */;
CREATE TABLE `paddocks` (
  `paddockID` int NOT NULL AUTO_INCREMENT,
  `farmID` int NOT NULL,
  `paddockNumber` int NOT NULL,
  PRIMARY KEY (`paddockID`),
  UNIQUE KEY `paddock_Number_UNIQUE` (`paddockID`)
) ENGINE=InnoDB AUTO_INCREMENT=51 DEFAULT CHARSET=utf8mb4 COLLATE=utf8mb4_0900_ai_ci COMMENT='list of Paddocks';
/*!40101 SET character_set_client = @saved_cs_client */;

--
-- Dumping data for table `paddocks`
--

LOCK TABLES `paddocks` WRITE;
/*!40000 ALTER TABLE `paddocks` DISABLE KEYS */;
INSERT INTO `paddocks` VALUES (1,1,1),(2,1,2),(3,1,3),(4,1,4),(5,1,5),(6,1,6),(7,2,1),(8,2,2),(9,2,3),(10,2,4),(11,2,5),(12,3,1),(13,3,2),(14,3,3),(15,4,1),(16,4,2),(17,4,3),(18,4,4),(19,4,5),(20,4,6),(21,5,1),(22,5,2),(23,5,3),(24,5,4),(25,6,1),(26,7,1),(27,7,2),(28,7,3),(29,7,4),(30,7,5),(31,7,6),(32,7,7),(33,7,8),(34,7,9),(35,7,10),(36,7,11),(37,7,12),(38,7,13),(39,8,1),(40,8,2),(41,8,3),(42,8,4),(43,8,5),(44,8,6),(45,8,7),(46,9,5),(47,9,1),(48,9,2),(49,9,3),(50,9,4);
/*!40000 ALTER TABLE `paddocks` ENABLE KEYS */;
UNLOCK TABLES;

--
-- Table structure for table `siding`
--

DROP TABLE IF EXISTS `siding`;
/*!40101 SET @saved_cs_client     = @@character_set_client */;
/*!50503 SET character_set_client = utf8mb4 */;
CREATE TABLE `siding` (
  `sidingID` int NOT NULL AUTO_INCREMENT,
  `sidingName` varchar(255) NOT NULL,
  `Abbreviation` varchar(255) DEFAULT NULL,
  PRIMARY KEY (`sidingID`),
  UNIQUE KEY `idSiding_UNIQUE` (`sidingID`)
) ENGINE=InnoDB AUTO_INCREMENT=11 DEFAULT CHARSET=utf8mb4 COLLATE=utf8mb4_0900_ai_ci COMMENT='list of Siding';
/*!40101 SET character_set_client = @saved_cs_client */;

--
-- Dumping data for table `siding`
--

LOCK TABLES `siding` WRITE;
/*!40000 ALTER TABLE `siding` DISABLE KEYS */;
INSERT INTO `siding` VALUES (1,'Mossman Line1',NULL),(2,'Mossman Line2',NULL),(3,'Mossman Line3',NULL),(4,'Mossman Line4',NULL),(5,'Mossman Line5',NULL),(6,'Mossman Line6',NULL),(7,'Mossmane line7',NULL),(8,'Mossman Line8',NULL),(9,'Mossman Line9',NULL),(10,'Mossman Line10',NULL);
/*!40000 ALTER TABLE `siding` ENABLE KEYS */;
UNLOCK TABLES;

--
-- Table structure for table `transactionlog`
--

DROP TABLE IF EXISTS `transactionlog`;
/*!40101 SET @saved_cs_client     = @@character_set_client */;
/*!50503 SET character_set_client = utf8mb4 */;
CREATE TABLE `transactionlog` (
  `transactionNumber` int NOT NULL AUTO_INCREMENT,
  `transactionTime` datetime NOT NULL DEFAULT CURRENT_TIMESTAMP,
  `userID` int NOT NULL,
  `statusID` int NOT NULL,
  `binID` int NOT NULL,
  `harvesterID` int DEFAULT NULL,
  `sidingID` int DEFAULT NULL,
  `farmID` int DEFAULT NULL,
  `paddockID` int DEFAULT NULL,
  `locoID` int DEFAULT NULL,
  PRIMARY KEY (`transactionNumber`),
  UNIQUE KEY `transactionNumber` (`transactionNumber`)
) ENGINE=InnoDB AUTO_INCREMENT=730 DEFAULT CHARSET=utf8mb4 COLLATE=utf8mb4_0900_ai_ci;
/*!40101 SET character_set_client = @saved_cs_client */;

--
-- Dumping data for table `transactionlog`
--

LOCK TABLES `transactionlog` WRITE;
/*!40000 ALTER TABLE `transactionlog` DISABLE KEYS */;
INSERT INTO `transactionlog` VALUES (1,'2023-05-29 15:46:45',1,1,1,NULL,NULL,NULL,NULL,NULL),(2,'2023-05-29 15:46:45',1,1,2,NULL,NULL,NULL,NULL,NULL),(3,'2023-05-29 15:46:45',1,1,3,NULL,NULL,NULL,NULL,NULL),(4,'2023-05-29 15:46:45',1,1,4,NULL,NULL,NULL,NULL,NULL),(5,'2023-05-29 15:46:45',1,1,5,NULL,NULL,NULL,NULL,NULL),(6,'2023-05-29 15:46:45',1,1,6,NULL,NULL,NULL,NULL,NULL),(7,'2023-05-29 15:46:45',1,1,7,NULL,NULL,NULL,NULL,NULL),(8,'2023-05-29 15:46:45',1,1,8,NULL,NULL,NULL,NULL,NULL),(9,'2023-05-29 15:46:45',1,1,9,NULL,NULL,NULL,NULL,NULL),(10,'2023-05-29 15:46:45',1,1,10,NULL,NULL,NULL,NULL,NULL),(11,'2023-05-29 15:46:45',1,2,11,NULL,NULL,NULL,NULL,1),(12,'2023-05-29 15:46:45',1,2,12,NULL,NULL,NULL,NULL,1),(13,'2023-05-29 15:46:45',1,2,13,NULL,NULL,NULL,NULL,1),(14,'2023-05-29 15:46:45',1,2,14,NULL,NULL,NULL,NULL,1),(15,'2023-05-29 15:46:45',1,2,15,NULL,NULL,NULL,NULL,1),(16,'2023-05-29 15:46:45',1,2,16,NULL,NULL,NULL,NULL,1),(17,'2023-05-29 15:46:45',1,2,17,NULL,NULL,NULL,NULL,1),(18,'2023-05-29 15:46:45',1,2,18,NULL,NULL,NULL,NULL,1),(19,'2023-05-29 15:46:45',1,2,19,NULL,NULL,NULL,NULL,1),(20,'2023-05-29 15:46:45',1,2,20,NULL,NULL,NULL,NULL,1),(21,'2023-05-29 15:46:45',2,3,21,1,1,NULL,NULL,2),(22,'2023-05-29 15:46:45',2,3,22,1,1,NULL,NULL,2),(23,'2023-05-29 15:46:45',2,3,23,1,1,NULL,NULL,2),(24,'2023-05-29 15:46:45',2,3,24,1,1,NULL,NULL,2),(25,'2023-05-29 15:46:45',2,3,25,1,1,NULL,NULL,2),(26,'2023-05-29 15:46:45',2,3,26,1,1,NULL,NULL,2),(27,'2023-05-29 15:46:45',2,3,27,1,1,NULL,NULL,2),(28,'2023-05-29 15:46:45',2,3,28,1,1,NULL,NULL,2),(29,'2023-05-29 15:46:45',2,3,29,1,1,NULL,NULL,2),(30,'2023-05-29 15:46:45',2,3,30,1,1,NULL,NULL,2),(31,'2023-05-29 15:46:45',3,4,31,2,1,1,1,NULL),(32,'2023-05-29 15:46:45',3,4,32,2,1,1,2,NULL),(33,'2023-05-29 15:46:45',3,4,33,2,1,1,3,NULL),(34,'2023-05-29 15:46:45',3,4,34,2,1,1,3,NULL),(35,'2023-05-29 15:46:45',3,4,35,2,1,1,4,NULL),(36,'2023-05-29 15:46:45',3,4,36,2,1,1,4,NULL),(37,'2023-05-29 15:46:45',3,4,37,2,1,1,5,NULL),(38,'2023-05-29 15:46:45',3,4,38,2,1,1,6,NULL),(39,'2023-05-29 15:46:45',3,4,39,2,1,2,6,NULL),(40,'2023-05-29 15:46:45',3,4,40,2,1,2,6,NULL),(41,'2023-05-29 15:46:45',3,4,41,2,1,2,6,NULL),(42,'2023-05-29 15:46:45',5,4,42,2,1,2,7,NULL),(43,'2023-05-29 15:46:45',5,4,43,2,1,2,8,NULL),(44,'2023-05-29 15:46:45',5,4,44,2,1,2,8,NULL),(45,'2023-05-29 15:46:45',5,4,45,2,1,2,9,NULL),(46,'2023-05-29 15:46:45',5,4,46,2,1,2,10,NULL),(47,'2023-05-29 15:46:45',5,4,47,2,1,2,11,NULL),(48,'2023-05-29 15:46:45',5,4,48,2,1,3,12,NULL),(49,'2023-05-29 15:46:45',5,4,49,2,1,3,12,NULL),(50,'2023-05-29 15:46:45',5,4,50,2,1,3,13,NULL),(51,'2023-05-29 15:46:45',5,5,51,3,1,4,14,2),(52,'2023-05-29 15:46:45',5,5,52,3,1,4,14,2),(53,'2023-05-29 15:46:45',5,5,53,3,1,4,14,2),(54,'2023-05-29 15:46:45',5,5,54,3,1,4,14,2),(55,'2023-05-29 15:46:45',5,5,55,3,1,4,15,2),(56,'2023-05-29 15:46:45',5,5,56,3,1,4,16,2),(57,'2023-05-29 15:46:45',5,5,57,3,1,4,17,2),(58,'2023-05-29 15:46:45',5,5,58,3,1,4,18,2),(59,'2023-05-29 15:46:45',5,5,59,3,1,4,19,2),(60,'2023-05-29 15:46:45',5,5,60,3,1,4,19,2),(61,'2023-05-29 15:46:45',5,5,61,3,1,5,21,2),(62,'2023-05-29 15:46:45',5,5,62,3,1,5,21,2),(63,'2023-05-29 15:46:45',5,5,63,3,1,5,21,2),(64,'2023-05-29 15:46:45',5,5,64,3,1,5,22,2),(65,'2023-05-29 15:46:45',5,5,65,3,1,5,23,2),(66,'2023-05-29 15:46:45',5,5,66,3,1,5,23,2),(67,'2023-05-29 15:46:45',5,5,67,3,1,5,24,2),(68,'2023-05-29 15:46:45',5,5,68,3,1,6,25,2),(69,'2023-05-29 15:46:45',5,5,69,3,1,6,25,2),(70,'2023-05-29 15:46:45',5,5,70,3,1,6,25,2),(71,'2023-05-29 15:46:45',1,6,71,4,2,7,26,3),(72,'2023-05-29 15:46:45',1,6,72,4,2,7,26,3),(73,'2023-05-29 15:46:45',1,6,73,4,2,7,26,3),(74,'2023-05-29 15:46:45',1,6,74,4,2,7,27,3),(75,'2023-05-29 15:46:45',1,6,75,4,2,7,27,3),(76,'2023-05-29 15:46:45',1,6,76,4,2,7,28,3),(77,'2023-05-29 15:46:45',1,6,77,4,2,7,29,3),(78,'2023-05-29 15:46:45',1,6,78,4,2,7,29,3),(79,'2023-05-29 15:46:45',1,6,79,4,2,7,29,3),(80,'2023-05-29 15:46:45',1,6,80,4,2,7,30,3),(81,'2023-05-29 15:46:45',1,6,81,4,2,7,31,3),(82,'2023-05-29 15:46:45',1,6,82,4,2,7,32,3),(83,'2023-05-29 15:46:45',1,6,83,4,2,7,33,3),(84,'2023-05-29 15:46:45',1,6,84,4,2,7,34,3),(85,'2023-05-29 15:46:45',1,6,85,4,2,7,34,3),(86,'2023-05-29 15:46:45',1,6,86,4,2,7,34,3),(87,'2023-05-29 15:46:45',1,6,87,4,2,7,35,3),(88,'2023-05-29 15:46:45',1,6,88,4,2,7,36,3),(89,'2023-05-29 15:46:45',1,6,89,4,2,7,37,3),(90,'2023-05-29 15:46:45',1,6,90,4,2,7,238,3),(91,'2023-05-29 15:46:49',1,1,91,NULL,NULL,NULL,NULL,NULL),(92,'2023-05-29 15:46:49',1,1,92,NULL,NULL,NULL,NULL,NULL),(93,'2023-05-29 15:46:49',1,1,93,NULL,NULL,NULL,NULL,NULL),(94,'2023-05-29 15:46:49',1,1,94,NULL,NULL,NULL,NULL,NULL),(95,'2023-05-29 15:46:49',1,1,95,NULL,NULL,NULL,NULL,NULL),(96,'2023-05-29 15:46:49',1,1,96,NULL,NULL,NULL,NULL,NULL),(97,'2023-05-29 15:46:49',1,1,97,NULL,NULL,NULL,NULL,NULL),(98,'2023-05-29 15:46:49',1,1,98,NULL,NULL,NULL,NULL,NULL),(99,'2023-05-29 15:46:49',1,1,99,NULL,NULL,NULL,NULL,NULL),(100,'2023-05-29 15:46:49',1,1,100,NULL,NULL,NULL,NULL,NULL),(101,'2023-05-29 15:46:49',1,1,101,NULL,NULL,NULL,NULL,NULL),(102,'2023-05-29 15:46:49',1,1,102,NULL,NULL,NULL,NULL,NULL),(103,'2023-05-29 15:46:49',1,1,103,NULL,NULL,NULL,NULL,NULL),(104,'2023-05-29 15:46:49',1,1,104,NULL,NULL,NULL,NULL,NULL),(105,'2023-05-29 15:46:49',1,1,105,NULL,NULL,NULL,NULL,NULL),(106,'2023-05-29 15:46:49',1,1,106,NULL,NULL,NULL,NULL,NULL),(107,'2023-05-29 15:46:49',1,1,107,NULL,NULL,NULL,NULL,NULL),(108,'2023-05-29 15:46:49',1,1,108,NULL,NULL,NULL,NULL,NULL),(109,'2023-05-29 15:46:49',1,1,109,NULL,NULL,NULL,NULL,NULL),(110,'2023-05-29 15:46:49',1,1,110,NULL,NULL,NULL,NULL,NULL),(111,'2023-05-29 15:46:49',1,1,111,NULL,NULL,NULL,NULL,NULL),(112,'2023-05-29 15:46:49',1,1,112,NULL,NULL,NULL,NULL,NULL),(113,'2023-05-29 15:46:49',1,1,113,NULL,NULL,NULL,NULL,NULL),(114,'2023-05-29 15:46:49',1,1,114,NULL,NULL,NULL,NULL,NULL),(115,'2023-05-29 15:46:49',1,1,115,NULL,NULL,NULL,NULL,NULL),(116,'2023-05-29 15:46:49',1,1,116,NULL,NULL,NULL,NULL,NULL),(117,'2023-05-29 15:46:49',1,1,117,NULL,NULL,NULL,NULL,NULL),(118,'2023-05-29 15:46:49',1,1,118,NULL,NULL,NULL,NULL,NULL),(119,'2023-05-29 15:46:49',1,1,119,NULL,NULL,NULL,NULL,NULL),(120,'2023-05-29 15:46:49',1,1,120,NULL,NULL,NULL,NULL,NULL),(121,'2023-05-29 15:46:49',1,1,121,NULL,NULL,NULL,NULL,NULL),(122,'2023-05-29 15:46:49',1,1,122,NULL,NULL,NULL,NULL,NULL),(123,'2023-05-29 15:46:49',1,1,123,NULL,NULL,NULL,NULL,NULL),(124,'2023-05-29 15:46:49',1,1,124,NULL,NULL,NULL,NULL,NULL),(125,'2023-05-29 15:46:49',1,1,125,NULL,NULL,NULL,NULL,NULL),(126,'2023-05-29 15:46:49',1,1,126,NULL,NULL,NULL,NULL,NULL),(127,'2023-05-29 15:46:49',1,1,127,NULL,NULL,NULL,NULL,NULL),(128,'2023-05-29 15:46:49',1,1,128,NULL,NULL,NULL,NULL,NULL),(129,'2023-05-29 15:46:49',1,1,129,NULL,NULL,NULL,NULL,NULL),(130,'2023-05-29 15:46:49',1,1,130,NULL,NULL,NULL,NULL,NULL),(131,'2023-05-29 15:46:49',1,1,131,NULL,NULL,NULL,NULL,NULL),(132,'2023-05-29 15:46:49',1,1,132,NULL,NULL,NULL,NULL,NULL),(133,'2023-05-29 15:46:49',1,1,133,NULL,NULL,NULL,NULL,NULL),(134,'2023-05-29 15:46:49',1,1,134,NULL,NULL,NULL,NULL,NULL),(135,'2023-05-29 15:46:49',1,1,135,NULL,NULL,NULL,NULL,NULL),(136,'2023-05-29 15:46:49',1,1,136,NULL,NULL,NULL,NULL,NULL),(137,'2023-05-29 15:46:49',1,1,137,NULL,NULL,NULL,NULL,NULL),(138,'2023-05-29 15:46:49',1,1,138,NULL,NULL,NULL,NULL,NULL),(139,'2023-05-29 15:46:49',1,1,139,NULL,NULL,NULL,NULL,NULL),(140,'2023-05-29 15:46:49',1,1,140,NULL,NULL,NULL,NULL,NULL),(141,'2023-05-29 15:46:49',1,1,141,NULL,NULL,NULL,NULL,NULL),(142,'2023-05-29 15:46:49',1,1,142,NULL,NULL,NULL,NULL,NULL),(143,'2023-05-29 15:46:49',1,1,143,NULL,NULL,NULL,NULL,NULL),(144,'2023-05-29 15:46:49',1,1,144,NULL,NULL,NULL,NULL,NULL),(145,'2023-05-29 15:46:49',1,1,145,NULL,NULL,NULL,NULL,NULL),(146,'2023-05-29 15:46:49',1,1,146,NULL,NULL,NULL,NULL,NULL),(147,'2023-05-29 15:46:49',1,1,147,NULL,NULL,NULL,NULL,NULL),(148,'2023-05-29 15:46:49',1,1,148,NULL,NULL,NULL,NULL,NULL),(149,'2023-05-29 15:46:49',1,1,149,NULL,NULL,NULL,NULL,NULL),(150,'2023-05-29 15:46:49',1,1,150,NULL,NULL,NULL,NULL,NULL),(151,'2023-05-29 15:46:49',1,1,151,NULL,NULL,NULL,NULL,NULL),(152,'2023-05-29 15:46:49',1,1,152,NULL,NULL,NULL,NULL,NULL),(153,'2023-05-29 15:46:49',1,1,153,NULL,NULL,NULL,NULL,NULL),(154,'2023-05-29 15:46:49',1,1,154,NULL,NULL,NULL,NULL,NULL),(155,'2023-05-29 15:46:49',1,1,155,NULL,NULL,NULL,NULL,NULL),(156,'2023-05-29 15:46:49',1,1,156,NULL,NULL,NULL,NULL,NULL),(157,'2023-05-29 15:46:49',1,1,157,NULL,NULL,NULL,NULL,NULL),(158,'2023-05-29 15:46:49',1,1,158,NULL,NULL,NULL,NULL,NULL),(159,'2023-05-29 15:46:49',1,1,159,NULL,NULL,NULL,NULL,NULL),(160,'2023-05-29 15:46:49',1,1,160,NULL,NULL,NULL,NULL,NULL),(161,'2023-05-29 15:46:49',1,1,161,NULL,NULL,NULL,NULL,NULL),(162,'2023-05-29 15:46:49',1,1,162,NULL,NULL,NULL,NULL,NULL),(163,'2023-05-29 15:46:49',1,1,163,NULL,NULL,NULL,NULL,NULL),(164,'2023-05-29 15:46:49',1,1,164,NULL,NULL,NULL,NULL,NULL),(165,'2023-05-29 15:46:49',1,1,165,NULL,NULL,NULL,NULL,NULL),(166,'2023-05-29 15:46:49',1,1,166,NULL,NULL,NULL,NULL,NULL),(167,'2023-05-29 15:46:49',1,1,167,NULL,NULL,NULL,NULL,NULL),(168,'2023-05-29 15:46:49',1,1,168,NULL,NULL,NULL,NULL,NULL),(169,'2023-05-29 15:46:49',1,1,169,NULL,NULL,NULL,NULL,NULL),(170,'2023-05-29 15:46:49',1,1,170,NULL,NULL,NULL,NULL,NULL),(171,'2023-05-29 15:46:49',1,1,171,NULL,NULL,NULL,NULL,NULL),(172,'2023-05-29 15:46:49',1,1,172,NULL,NULL,NULL,NULL,NULL),(173,'2023-05-29 15:46:49',1,1,173,NULL,NULL,NULL,NULL,NULL),(174,'2023-05-29 15:46:49',1,1,174,NULL,NULL,NULL,NULL,NULL),(175,'2023-05-29 15:46:49',1,1,175,NULL,NULL,NULL,NULL,NULL),(176,'2023-05-29 15:46:49',1,1,176,NULL,NULL,NULL,NULL,NULL),(177,'2023-05-29 15:46:49',1,1,177,NULL,NULL,NULL,NULL,NULL),(178,'2023-05-29 15:46:49',1,1,178,NULL,NULL,NULL,NULL,NULL),(179,'2023-05-29 15:46:49',1,1,179,NULL,NULL,NULL,NULL,NULL),(180,'2023-05-29 15:46:49',1,1,180,NULL,NULL,NULL,NULL,NULL),(181,'2023-05-29 15:46:51',2,2,181,NULL,NULL,NULL,NULL,4),(182,'2023-05-29 15:46:51',2,2,182,NULL,NULL,NULL,NULL,4),(183,'2023-05-29 15:46:51',2,2,183,NULL,NULL,NULL,NULL,4),(184,'2023-05-29 15:46:51',2,2,184,NULL,NULL,NULL,NULL,4),(185,'2023-05-29 15:46:51',2,2,185,NULL,NULL,NULL,NULL,4),(186,'2023-05-29 15:46:51',2,2,186,NULL,NULL,NULL,NULL,4),(187,'2023-05-29 15:46:51',2,2,187,NULL,NULL,NULL,NULL,4),(188,'2023-05-29 15:46:51',2,2,188,NULL,NULL,NULL,NULL,4),(189,'2023-05-29 15:46:51',2,2,189,NULL,NULL,NULL,NULL,4),(190,'2023-05-29 15:46:51',2,2,190,NULL,NULL,NULL,NULL,4),(191,'2023-05-29 15:46:51',2,2,191,NULL,NULL,NULL,NULL,4),(192,'2023-05-29 15:46:51',2,2,192,NULL,NULL,NULL,NULL,4),(193,'2023-05-29 15:46:51',2,2,193,NULL,NULL,NULL,NULL,4),(194,'2023-05-29 15:46:51',2,2,194,NULL,NULL,NULL,NULL,4),(195,'2023-05-29 15:46:51',2,2,195,NULL,NULL,NULL,NULL,4),(196,'2023-05-29 15:46:51',2,2,196,NULL,NULL,NULL,NULL,4),(197,'2023-05-29 15:46:51',2,2,197,NULL,NULL,NULL,NULL,4),(198,'2023-05-29 15:46:51',2,2,198,NULL,NULL,NULL,NULL,4),(199,'2023-05-29 15:46:51',2,2,199,NULL,NULL,NULL,NULL,4),(200,'2023-05-29 15:46:51',2,2,200,NULL,NULL,NULL,NULL,4),(201,'2023-05-29 15:46:51',2,2,201,NULL,NULL,NULL,NULL,4),(202,'2023-05-29 15:46:51',2,2,202,NULL,NULL,NULL,NULL,4),(203,'2023-05-29 15:46:51',2,2,203,NULL,NULL,NULL,NULL,4),(204,'2023-05-29 15:46:51',2,2,204,NULL,NULL,NULL,NULL,4),(205,'2023-05-29 15:46:51',2,2,205,NULL,NULL,NULL,NULL,4),(206,'2023-05-29 15:46:51',2,2,206,NULL,NULL,NULL,NULL,4),(207,'2023-05-29 15:46:51',2,2,207,NULL,NULL,NULL,NULL,4),(208,'2023-05-29 15:46:51',2,2,208,NULL,NULL,NULL,NULL,4),(209,'2023-05-29 15:46:51',2,2,209,NULL,NULL,NULL,NULL,4),(210,'2023-05-29 15:46:51',2,2,210,NULL,NULL,NULL,NULL,5),(211,'2023-05-29 15:46:51',2,2,211,NULL,NULL,NULL,NULL,5),(212,'2023-05-29 15:46:51',2,2,212,NULL,NULL,NULL,NULL,5),(213,'2023-05-29 15:46:51',2,2,213,NULL,NULL,NULL,NULL,5),(214,'2023-05-29 15:46:51',2,2,214,NULL,NULL,NULL,NULL,5),(215,'2023-05-29 15:46:51',2,2,215,NULL,NULL,NULL,NULL,5),(216,'2023-05-29 15:46:51',2,2,216,NULL,NULL,NULL,NULL,5),(217,'2023-05-29 15:46:51',2,2,217,NULL,NULL,NULL,NULL,5),(218,'2023-05-29 15:46:51',2,2,218,NULL,NULL,NULL,NULL,5),(219,'2023-05-29 15:46:51',2,2,219,NULL,NULL,NULL,NULL,5),(220,'2023-05-29 15:46:51',2,2,220,NULL,NULL,NULL,NULL,5),(221,'2023-05-29 15:46:51',2,2,221,NULL,NULL,NULL,NULL,5),(222,'2023-05-29 15:46:51',2,2,222,NULL,NULL,NULL,NULL,5),(223,'2023-05-29 15:46:51',2,2,223,NULL,NULL,NULL,NULL,5),(224,'2023-05-29 15:46:51',2,2,224,NULL,NULL,NULL,NULL,5),(225,'2023-05-29 15:46:51',2,2,225,NULL,NULL,NULL,NULL,5),(226,'2023-05-29 15:46:51',2,2,226,NULL,NULL,NULL,NULL,5),(227,'2023-05-29 15:46:51',2,2,227,NULL,NULL,NULL,NULL,5),(228,'2023-05-29 15:46:51',2,2,228,NULL,NULL,NULL,NULL,5),(229,'2023-05-29 15:46:51',2,2,229,NULL,NULL,NULL,NULL,5),(230,'2023-05-29 15:46:51',2,2,230,NULL,NULL,NULL,NULL,5),(231,'2023-05-29 15:46:51',2,2,231,NULL,NULL,NULL,NULL,5),(232,'2023-05-29 15:46:51',2,2,232,NULL,NULL,NULL,NULL,5),(233,'2023-05-29 15:46:51',2,2,233,NULL,NULL,NULL,NULL,5),(234,'2023-05-29 15:46:51',2,2,234,NULL,NULL,NULL,NULL,5),(235,'2023-05-29 15:46:51',2,2,235,NULL,NULL,NULL,NULL,5),(236,'2023-05-29 15:46:51',2,2,236,NULL,NULL,NULL,NULL,5),(237,'2023-05-29 15:46:51',2,2,237,NULL,NULL,NULL,NULL,5),(238,'2023-05-29 15:46:51',2,2,238,NULL,NULL,NULL,NULL,5),(239,'2023-05-29 15:46:51',2,2,239,NULL,NULL,NULL,NULL,5),(240,'2023-05-29 15:46:51',2,2,240,NULL,NULL,NULL,NULL,5),(241,'2023-05-29 15:46:51',2,2,241,NULL,NULL,NULL,NULL,5),(242,'2023-05-29 15:46:51',2,2,242,NULL,NULL,NULL,NULL,5),(243,'2023-05-29 15:46:51',2,2,243,NULL,NULL,NULL,NULL,5),(244,'2023-05-29 15:46:51',2,2,244,NULL,NULL,NULL,NULL,5),(245,'2023-05-29 15:46:51',2,2,245,NULL,NULL,NULL,NULL,5),(246,'2023-05-29 15:46:51',2,2,246,NULL,NULL,NULL,NULL,5),(247,'2023-05-29 15:46:51',2,2,247,NULL,NULL,NULL,NULL,5),(248,'2023-05-29 15:46:51',2,2,248,NULL,NULL,NULL,NULL,5),(249,'2023-05-29 15:46:51',2,2,249,NULL,NULL,NULL,NULL,5),(250,'2023-05-29 15:46:51',2,2,250,NULL,NULL,NULL,NULL,5),(251,'2023-05-29 15:46:51',2,2,251,NULL,NULL,NULL,NULL,5),(252,'2023-05-29 15:46:51',2,2,252,NULL,NULL,NULL,NULL,5),(253,'2023-05-29 15:46:51',2,2,253,NULL,NULL,NULL,NULL,5),(254,'2023-05-29 15:46:51',2,2,254,NULL,NULL,NULL,NULL,5),(255,'2023-05-29 15:46:51',2,2,255,NULL,NULL,NULL,NULL,5),(256,'2023-05-29 15:46:51',2,2,256,NULL,NULL,NULL,NULL,5),(257,'2023-05-29 15:46:51',2,2,257,NULL,NULL,NULL,NULL,5),(258,'2023-05-29 15:46:51',2,2,258,NULL,NULL,NULL,NULL,5),(259,'2023-05-29 15:46:51',2,2,259,NULL,NULL,NULL,NULL,5),(260,'2023-05-29 15:46:51',2,2,260,NULL,NULL,NULL,NULL,5),(261,'2023-05-29 15:46:51',2,2,261,NULL,NULL,NULL,NULL,5),(262,'2023-05-29 15:46:51',2,2,262,NULL,NULL,NULL,NULL,5),(263,'2023-05-29 15:46:51',2,2,263,NULL,NULL,NULL,NULL,5),(264,'2023-05-29 15:46:51',2,2,264,NULL,NULL,NULL,NULL,5),(265,'2023-05-29 15:46:51',2,2,265,NULL,NULL,NULL,NULL,5),(266,'2023-05-29 15:46:51',2,2,266,NULL,NULL,NULL,NULL,5),(267,'2023-05-29 15:46:51',2,2,267,NULL,NULL,NULL,NULL,5),(268,'2023-05-29 15:46:51',2,2,268,NULL,NULL,NULL,NULL,5),(269,'2023-05-29 15:46:51',2,2,269,NULL,NULL,NULL,NULL,5),(270,'2023-05-29 15:46:51',2,2,270,NULL,NULL,NULL,NULL,5),(271,'2023-05-29 15:46:51',2,2,271,NULL,NULL,NULL,NULL,5),(272,'2023-05-29 15:46:51',2,2,272,NULL,NULL,NULL,NULL,5),(273,'2023-05-29 15:46:51',2,2,273,NULL,NULL,NULL,NULL,5),(274,'2023-05-29 15:46:51',2,2,274,NULL,NULL,NULL,NULL,5),(275,'2023-05-29 15:46:51',2,2,275,NULL,NULL,NULL,NULL,6),(276,'2023-05-29 15:46:51',2,2,276,NULL,NULL,NULL,NULL,6),(277,'2023-05-29 15:46:51',2,2,277,NULL,NULL,NULL,NULL,6),(278,'2023-05-29 15:46:51',2,2,278,NULL,NULL,NULL,NULL,6),(279,'2023-05-29 15:46:51',2,2,279,NULL,NULL,NULL,NULL,6),(280,'2023-05-29 15:46:51',2,2,280,NULL,NULL,NULL,NULL,6),(281,'2023-05-29 15:46:51',2,2,281,NULL,NULL,NULL,NULL,6),(282,'2023-05-29 15:46:51',2,2,282,NULL,NULL,NULL,NULL,6),(283,'2023-05-29 15:46:51',2,2,283,NULL,NULL,NULL,NULL,6),(284,'2023-05-29 15:46:51',2,2,284,NULL,NULL,NULL,NULL,6),(285,'2023-05-29 15:46:51',2,2,285,NULL,NULL,NULL,NULL,6),(286,'2023-05-29 15:46:51',2,2,286,NULL,NULL,NULL,NULL,6),(287,'2023-05-29 15:46:51',2,2,287,NULL,NULL,NULL,NULL,6),(288,'2023-05-29 15:46:51',2,2,288,NULL,NULL,NULL,NULL,6),(289,'2023-05-29 15:46:51',2,2,289,NULL,NULL,NULL,NULL,6),(290,'2023-05-29 15:46:51',2,2,290,NULL,NULL,NULL,NULL,6),(291,'2023-05-29 15:46:51',2,2,291,NULL,NULL,NULL,NULL,6),(292,'2023-05-29 15:46:51',2,2,292,NULL,NULL,NULL,NULL,6),(293,'2023-05-29 15:46:51',2,2,293,NULL,NULL,NULL,NULL,6),(294,'2023-05-29 15:46:51',2,2,294,NULL,NULL,NULL,NULL,6),(295,'2023-05-29 15:46:51',2,2,295,NULL,NULL,NULL,NULL,6),(296,'2023-05-29 15:46:51',2,2,296,NULL,NULL,NULL,NULL,6),(297,'2023-05-29 15:46:51',2,2,297,NULL,NULL,NULL,NULL,6),(298,'2023-05-29 15:46:51',2,2,298,NULL,NULL,NULL,NULL,6),(299,'2023-05-29 15:46:51',2,2,299,NULL,NULL,NULL,NULL,6),(300,'2023-05-29 15:46:51',2,2,300,NULL,NULL,NULL,NULL,6),(301,'2023-05-29 15:46:51',2,2,301,NULL,NULL,NULL,NULL,6),(302,'2023-05-29 15:46:51',2,2,302,NULL,NULL,NULL,NULL,6),(303,'2023-05-29 15:46:51',2,2,303,NULL,NULL,NULL,NULL,6),(304,'2023-05-29 15:46:51',2,2,304,NULL,NULL,NULL,NULL,6),(305,'2023-05-29 15:46:51',2,2,305,NULL,NULL,NULL,NULL,6),(306,'2023-05-29 15:46:51',2,2,306,NULL,NULL,NULL,NULL,6),(307,'2023-05-29 15:46:51',2,2,307,NULL,NULL,NULL,NULL,6),(308,'2023-05-29 15:46:51',2,2,308,NULL,NULL,NULL,NULL,6),(309,'2023-05-29 15:46:51',2,2,309,NULL,NULL,NULL,NULL,6),(310,'2023-05-29 15:46:51',2,2,310,NULL,NULL,NULL,NULL,6),(311,'2023-05-29 15:46:51',2,2,311,NULL,NULL,NULL,NULL,6),(312,'2023-05-29 15:46:51',2,2,312,NULL,NULL,NULL,NULL,6),(313,'2023-05-29 15:46:51',2,2,313,NULL,NULL,NULL,NULL,6),(314,'2023-05-29 15:46:51',2,2,314,NULL,NULL,NULL,NULL,6),(315,'2023-05-29 15:46:51',2,2,315,NULL,NULL,NULL,NULL,6),(316,'2023-05-29 15:46:51',2,2,316,NULL,NULL,NULL,NULL,6),(317,'2023-05-29 15:46:51',2,2,317,NULL,NULL,NULL,NULL,6),(318,'2023-05-29 15:46:51',2,2,318,NULL,NULL,NULL,NULL,6),(319,'2023-05-29 15:46:51',2,2,319,NULL,NULL,NULL,NULL,6),(320,'2023-05-29 15:46:51',2,2,320,NULL,NULL,NULL,NULL,6),(321,'2023-05-29 15:46:51',2,2,321,NULL,NULL,NULL,NULL,6),(322,'2023-05-29 15:46:51',2,2,322,NULL,NULL,NULL,NULL,6),(323,'2023-05-29 15:46:51',2,2,323,NULL,NULL,NULL,NULL,6),(324,'2023-05-29 15:46:51',2,2,324,NULL,NULL,NULL,NULL,6),(325,'2023-05-29 15:46:51',2,2,325,NULL,NULL,NULL,NULL,6),(326,'2023-05-29 15:46:51',2,2,326,NULL,NULL,NULL,NULL,6),(327,'2023-05-29 15:46:51',2,2,327,NULL,NULL,NULL,NULL,6),(328,'2023-05-29 15:46:51',2,2,328,NULL,NULL,NULL,NULL,6),(329,'2023-05-29 15:46:51',2,2,329,NULL,NULL,NULL,NULL,6),(330,'2023-05-29 15:46:51',2,2,330,NULL,NULL,NULL,NULL,6),(331,'2023-05-29 15:46:51',2,2,331,NULL,NULL,NULL,NULL,6),(332,'2023-05-29 15:46:51',2,2,332,NULL,NULL,NULL,NULL,6),(333,'2023-05-29 15:46:51',2,2,333,NULL,NULL,NULL,NULL,6),(334,'2023-05-29 15:46:51',2,2,334,NULL,NULL,NULL,NULL,6),(335,'2023-05-29 15:46:51',2,2,335,NULL,NULL,NULL,NULL,6),(336,'2023-05-29 15:46:51',2,2,336,NULL,NULL,NULL,NULL,6),(337,'2023-05-29 15:46:51',2,2,337,NULL,NULL,NULL,NULL,6),(338,'2023-05-29 15:46:51',2,2,338,NULL,NULL,NULL,NULL,6),(339,'2023-05-29 15:46:51',2,2,339,NULL,NULL,NULL,NULL,6),(340,'2023-05-29 15:46:51',2,2,340,NULL,NULL,NULL,NULL,6),(341,'2023-05-29 15:46:54',5,3,341,5,4,NULL,NULL,7),(342,'2023-05-29 15:46:54',5,3,342,5,4,NULL,NULL,7),(343,'2023-05-29 15:46:54',5,3,343,5,4,NULL,NULL,7),(344,'2023-05-29 15:46:54',5,3,344,5,4,NULL,NULL,7),(345,'2023-05-29 15:46:54',5,3,345,5,4,NULL,NULL,7),(346,'2023-05-29 15:46:54',5,3,346,5,4,NULL,NULL,7),(347,'2023-05-29 15:46:54',5,3,347,5,4,NULL,NULL,7),(348,'2023-05-29 15:46:54',5,3,348,5,4,NULL,NULL,7),(349,'2023-05-29 15:46:54',5,3,349,5,4,NULL,NULL,7),(350,'2023-05-29 15:46:54',5,3,350,5,4,NULL,NULL,7),(351,'2023-05-29 15:46:54',5,3,351,5,4,NULL,NULL,7),(352,'2023-05-29 15:46:54',5,3,352,5,4,NULL,NULL,7),(353,'2023-05-29 15:46:54',5,3,353,5,4,NULL,NULL,7),(354,'2023-05-29 15:46:54',5,3,354,5,4,NULL,NULL,7),(355,'2023-05-29 15:46:54',5,3,355,5,4,NULL,NULL,7),(356,'2023-05-29 15:46:54',5,3,356,5,4,NULL,NULL,7),(357,'2023-05-29 15:46:54',5,3,357,5,4,NULL,NULL,7),(358,'2023-05-29 15:46:54',5,3,358,5,4,NULL,NULL,7),(359,'2023-05-29 15:46:54',5,3,359,5,4,NULL,NULL,7),(360,'2023-05-29 15:46:54',5,3,360,5,4,NULL,NULL,7),(361,'2023-05-29 15:46:54',5,3,361,5,4,NULL,NULL,7),(362,'2023-05-29 15:46:54',5,3,362,5,4,NULL,NULL,7),(363,'2023-05-29 15:46:54',5,3,363,5,4,NULL,NULL,7),(364,'2023-05-29 15:46:54',5,3,364,5,4,NULL,NULL,7),(365,'2023-05-29 15:46:54',5,3,365,5,4,NULL,NULL,7),(366,'2023-05-29 15:46:54',5,3,366,5,4,NULL,NULL,7),(367,'2023-05-29 15:46:54',5,3,367,5,4,NULL,NULL,7),(368,'2023-05-29 15:46:54',5,3,368,5,4,NULL,NULL,7),(369,'2023-05-29 15:46:54',5,3,369,5,4,NULL,NULL,7),(370,'2023-05-29 15:46:54',5,3,370,5,4,NULL,NULL,7),(371,'2023-05-29 15:46:54',5,3,371,5,4,NULL,NULL,7),(372,'2023-05-29 15:46:54',5,3,372,5,4,NULL,NULL,7),(373,'2023-05-29 15:46:54',5,3,373,5,4,NULL,NULL,7),(374,'2023-05-29 15:46:54',5,3,374,5,4,NULL,NULL,7),(375,'2023-05-29 15:46:54',5,3,375,6,4,NULL,NULL,7),(376,'2023-05-29 15:46:54',5,3,376,6,4,NULL,NULL,7),(377,'2023-05-29 15:46:54',5,3,377,6,4,NULL,NULL,7),(378,'2023-05-29 15:46:54',5,3,378,6,4,NULL,NULL,7),(379,'2023-05-29 15:46:54',5,3,379,6,4,NULL,NULL,7),(380,'2023-05-29 15:46:54',5,3,380,6,4,NULL,NULL,7),(381,'2023-05-29 15:46:54',5,3,381,6,4,NULL,NULL,7),(382,'2023-05-29 15:46:54',5,3,382,6,4,NULL,NULL,7),(383,'2023-05-29 15:46:54',5,3,383,6,4,NULL,NULL,7),(384,'2023-05-29 15:46:54',5,3,384,6,4,NULL,NULL,7),(385,'2023-05-29 15:46:54',5,3,385,6,4,NULL,NULL,7),(386,'2023-05-29 15:46:54',5,3,386,6,4,NULL,NULL,7),(387,'2023-05-29 15:46:54',5,3,387,6,4,NULL,NULL,7),(388,'2023-05-29 15:46:54',5,3,388,6,4,NULL,NULL,7),(389,'2023-05-29 15:46:54',5,3,389,6,4,NULL,NULL,7),(390,'2023-05-29 15:46:54',5,3,390,6,4,NULL,NULL,7),(391,'2023-05-29 15:46:54',5,3,391,6,4,NULL,NULL,7),(392,'2023-05-29 15:46:54',5,3,392,6,4,NULL,NULL,7),(393,'2023-05-29 15:46:54',5,3,393,6,4,NULL,NULL,7),(394,'2023-05-29 15:46:54',5,3,394,6,4,NULL,NULL,7),(395,'2023-05-29 15:46:54',5,3,395,6,4,NULL,NULL,7),(396,'2023-05-29 15:46:54',5,3,396,6,4,NULL,NULL,7),(397,'2023-05-29 15:46:54',5,3,397,6,4,NULL,NULL,7),(398,'2023-05-29 15:46:54',5,3,398,6,4,NULL,NULL,7),(399,'2023-05-29 15:46:54',5,3,399,6,4,NULL,NULL,7),(400,'2023-05-29 15:46:54',5,3,400,6,4,NULL,NULL,7),(401,'2023-05-29 15:46:57',5,4,401,7,4,3,12,NULL),(402,'2023-05-29 15:46:57',5,4,402,7,4,3,12,NULL),(403,'2023-05-29 15:46:57',5,4,403,7,4,3,12,NULL),(404,'2023-05-29 15:46:57',5,4,404,7,4,3,12,NULL),(405,'2023-05-29 15:46:57',5,4,405,7,4,3,12,NULL),(406,'2023-05-29 15:46:57',5,4,406,7,4,3,12,NULL),(407,'2023-05-29 15:46:57',5,4,407,7,4,3,12,NULL),(408,'2023-05-29 15:46:57',5,4,408,7,4,3,12,NULL),(409,'2023-05-29 15:46:57',5,4,409,7,4,3,12,NULL),(410,'2023-05-29 15:46:57',5,4,410,7,4,3,12,NULL),(411,'2023-05-29 15:46:57',5,4,411,7,4,3,12,NULL),(412,'2023-05-29 15:46:57',5,4,412,7,4,3,12,NULL),(413,'2023-05-29 15:46:57',5,4,413,7,4,3,12,NULL),(414,'2023-05-29 15:46:57',5,4,414,7,4,3,12,NULL),(415,'2023-05-29 15:46:57',5,4,415,7,4,3,12,NULL),(416,'2023-05-29 15:46:57',5,4,416,7,4,3,12,NULL),(417,'2023-05-29 15:46:57',5,4,417,7,4,3,12,NULL),(418,'2023-05-29 15:46:57',5,4,418,7,4,3,12,NULL),(419,'2023-05-29 15:46:57',5,4,419,7,4,3,12,NULL),(420,'2023-05-29 15:46:57',5,4,420,7,4,3,12,NULL),(421,'2023-05-29 15:46:57',5,4,421,7,4,3,12,NULL),(422,'2023-05-29 15:46:57',5,4,422,7,4,3,12,NULL),(423,'2023-05-29 15:46:57',5,4,423,7,4,3,12,NULL),(424,'2023-05-29 15:46:57',5,4,424,7,4,3,12,NULL),(425,'2023-05-29 15:46:57',5,4,425,7,4,3,12,NULL),(426,'2023-05-29 15:46:57',5,4,426,7,4,3,12,NULL),(427,'2023-05-29 15:46:57',5,4,427,7,4,3,12,NULL),(428,'2023-05-29 15:46:57',5,4,428,7,4,3,12,NULL),(429,'2023-05-29 15:46:57',5,4,429,7,4,3,12,NULL),(430,'2023-05-29 15:46:57',5,4,430,7,4,3,12,NULL),(431,'2023-05-29 15:46:57',5,4,431,7,4,3,12,NULL),(432,'2023-05-29 15:46:57',5,4,432,7,4,3,12,NULL),(433,'2023-05-29 15:46:57',5,4,433,7,4,3,12,NULL),(434,'2023-05-29 15:46:57',5,4,434,7,4,3,12,NULL),(435,'2023-05-29 15:46:57',5,4,435,7,4,3,12,NULL),(436,'2023-05-29 15:46:57',5,4,436,7,4,3,12,NULL),(437,'2023-05-29 15:46:57',5,4,437,7,4,3,12,NULL),(438,'2023-05-29 15:46:57',5,4,438,7,4,3,12,NULL),(439,'2023-05-29 15:46:57',5,4,439,7,4,3,12,NULL),(440,'2023-05-29 15:46:57',5,4,440,7,4,3,12,NULL),(441,'2023-05-29 15:46:57',5,4,441,7,4,3,12,NULL),(442,'2023-05-29 15:46:57',5,4,442,7,4,3,12,NULL),(443,'2023-05-29 15:46:57',5,4,443,7,4,3,12,NULL),(444,'2023-05-29 15:46:57',5,4,444,7,4,3,12,NULL),(445,'2023-05-29 15:46:57',5,4,445,7,4,3,12,NULL),(446,'2023-05-29 15:46:57',5,4,446,7,4,3,12,NULL),(447,'2023-05-29 15:46:57',5,4,447,7,4,3,12,NULL),(448,'2023-05-29 15:46:57',5,4,448,7,4,3,12,NULL),(449,'2023-05-29 15:46:57',5,4,449,7,4,3,12,NULL),(450,'2023-05-29 15:46:57',5,4,450,7,4,3,12,NULL),(451,'2023-05-29 15:46:57',5,4,451,7,4,3,12,NULL),(452,'2023-05-29 15:46:57',5,4,452,7,4,3,12,NULL),(453,'2023-05-29 15:46:57',5,4,453,7,4,3,12,NULL),(454,'2023-05-29 15:46:57',5,4,454,8,4,3,12,NULL),(455,'2023-05-29 15:46:57',5,4,455,8,4,3,12,NULL),(456,'2023-05-29 15:46:57',5,4,456,8,4,3,12,NULL),(457,'2023-05-29 15:46:57',5,4,457,8,4,3,12,NULL),(458,'2023-05-29 15:46:57',5,4,458,8,4,3,12,NULL),(459,'2023-05-29 15:46:57',5,4,459,8,4,3,12,NULL),(460,'2023-05-29 15:46:57',5,4,460,8,4,3,12,NULL),(461,'2023-05-29 15:46:57',5,4,461,8,4,3,12,NULL),(462,'2023-05-29 15:46:57',5,4,462,8,4,3,12,NULL),(463,'2023-05-29 15:46:57',5,4,463,8,4,3,12,NULL),(464,'2023-05-29 15:46:57',5,4,464,8,4,3,12,NULL),(465,'2023-05-29 15:46:57',5,4,465,8,4,3,12,NULL),(466,'2023-05-29 15:46:57',5,4,466,8,4,3,12,NULL),(467,'2023-05-29 15:46:57',5,4,467,8,4,3,12,NULL),(468,'2023-05-29 15:46:57',5,4,468,9,4,3,12,NULL),(469,'2023-05-29 15:46:57',5,4,469,9,4,3,12,NULL),(470,'2023-05-29 15:46:57',5,4,470,9,4,3,12,NULL),(471,'2023-05-29 15:46:57',5,4,471,9,4,3,12,NULL),(472,'2023-05-29 15:46:57',5,4,472,9,4,3,12,NULL),(473,'2023-05-29 15:46:57',5,4,473,9,4,3,12,NULL),(474,'2023-05-29 15:46:57',5,4,474,9,4,3,12,NULL),(475,'2023-05-29 15:46:57',5,4,475,9,4,3,12,NULL),(476,'2023-05-29 15:46:57',5,4,476,9,4,3,12,NULL),(477,'2023-05-29 15:46:57',5,4,477,9,4,3,12,NULL),(478,'2023-05-29 15:46:57',5,4,478,9,4,3,12,NULL),(479,'2023-05-29 15:46:57',5,4,479,9,4,3,12,NULL),(480,'2023-05-29 15:46:57',5,4,480,9,4,3,12,NULL),(481,'2023-05-29 15:47:00',2,5,481,10,6,5,21,11),(482,'2023-05-29 15:47:00',2,5,482,10,6,5,21,11),(483,'2023-05-29 15:47:00',2,5,483,10,6,5,21,11),(484,'2023-05-29 15:47:00',2,5,484,10,6,5,21,11),(485,'2023-05-29 15:47:00',2,5,485,10,6,5,21,11),(486,'2023-05-29 15:47:00',2,5,486,10,6,5,21,11),(487,'2023-05-29 15:47:00',2,5,487,10,6,5,21,11),(488,'2023-05-29 15:47:00',2,5,488,10,6,5,21,11),(489,'2023-05-29 15:47:00',2,5,489,10,6,5,21,11),(490,'2023-05-29 15:47:00',2,5,490,10,6,5,21,11),(491,'2023-05-29 15:47:00',2,5,491,10,6,5,21,11),(492,'2023-05-29 15:47:00',2,5,492,10,6,5,21,11),(493,'2023-05-29 15:47:00',2,5,493,10,6,5,21,11),(494,'2023-05-29 15:47:00',2,5,494,10,6,5,21,11),(495,'2023-05-29 15:47:00',2,5,495,10,6,5,21,11),(496,'2023-05-29 15:47:00',2,5,496,10,6,5,21,11),(497,'2023-05-29 15:47:00',2,5,497,10,6,5,21,11),(498,'2023-05-29 15:47:00',2,5,498,10,6,5,21,11),(499,'2023-05-29 15:47:00',2,5,499,10,6,5,21,11),(500,'2023-05-29 15:47:00',2,5,500,10,6,5,21,11),(501,'2023-05-29 15:47:00',2,5,501,10,6,5,21,11),(502,'2023-05-29 15:47:00',2,5,502,10,6,5,21,11),(503,'2023-05-29 15:47:00',2,5,503,10,6,5,21,11),(504,'2023-05-29 15:47:00',2,5,504,10,6,5,21,11),(505,'2023-05-29 15:47:00',2,5,505,10,6,5,21,11),(506,'2023-05-29 15:47:00',2,5,506,11,6,5,22,11),(507,'2023-05-29 15:47:00',2,5,507,11,6,5,22,11),(508,'2023-05-29 15:47:00',2,5,508,11,6,5,22,11),(509,'2023-05-29 15:47:00',2,5,509,11,6,5,22,11),(510,'2023-05-29 15:47:00',2,5,510,11,6,5,22,11),(511,'2023-05-29 15:47:00',2,5,511,11,6,5,22,11),(512,'2023-05-29 15:47:00',2,5,512,11,6,5,22,11),(513,'2023-05-29 15:47:00',2,5,513,11,6,5,22,11),(514,'2023-05-29 15:47:00',2,5,514,11,6,5,22,11),(515,'2023-05-29 15:47:00',2,5,515,11,6,5,22,11),(516,'2023-05-29 15:47:00',2,5,516,11,6,5,22,11),(517,'2023-05-29 15:47:00',2,5,517,11,6,5,22,11),(518,'2023-05-29 15:47:00',2,5,518,11,6,5,22,11),(519,'2023-05-29 15:47:00',2,5,519,11,6,5,22,11),(520,'2023-05-29 15:47:00',2,5,520,11,6,5,22,11),(521,'2023-05-29 15:47:00',2,5,521,11,6,5,22,11),(522,'2023-05-29 15:47:00',2,5,522,11,6,5,22,11),(523,'2023-05-29 15:47:00',2,5,523,11,6,5,22,11),(524,'2023-05-29 15:47:00',2,5,524,11,6,5,22,11),(525,'2023-05-29 15:47:00',2,5,525,11,6,5,22,11),(526,'2023-05-29 15:47:00',2,5,526,11,6,5,22,11),(527,'2023-05-29 15:47:00',2,5,527,11,6,5,22,11),(528,'2023-05-29 15:47:00',2,5,528,11,6,5,22,11),(529,'2023-05-29 15:47:00',2,5,529,11,6,5,22,11),(530,'2023-05-29 15:47:00',2,5,530,11,6,5,22,11),(531,'2023-05-29 15:47:00',2,5,531,14,8,7,26,13),(532,'2023-05-29 15:47:00',2,5,532,14,8,7,26,13),(533,'2023-05-29 15:47:00',2,5,533,14,8,7,26,13),(534,'2023-05-29 15:47:00',2,5,534,14,8,7,26,13),(535,'2023-05-29 15:47:00',2,5,535,14,8,7,26,13),(536,'2023-05-29 15:47:00',2,5,536,14,8,7,26,13),(537,'2023-05-29 15:47:00',2,5,537,14,8,7,26,13),(538,'2023-05-29 15:47:00',2,5,538,14,8,7,26,13),(539,'2023-05-29 15:47:00',2,5,539,14,8,7,26,13),(540,'2023-05-29 15:47:00',2,5,540,14,8,7,26,13),(541,'2023-05-29 15:47:00',2,5,541,14,8,7,26,13),(542,'2023-05-29 15:47:00',2,5,542,14,8,7,26,13),(543,'2023-05-29 15:47:00',2,5,543,14,8,7,26,13),(544,'2023-05-29 15:47:00',2,5,544,14,8,7,26,13),(545,'2023-05-29 15:47:00',2,5,545,14,8,7,26,13),(546,'2023-05-29 15:47:00',2,5,546,14,8,7,26,13),(547,'2023-05-29 15:47:00',2,5,547,14,8,7,26,13),(548,'2023-05-29 15:47:00',2,5,548,14,8,7,26,13),(549,'2023-05-29 15:47:00',2,5,549,14,8,7,26,13),(550,'2023-05-29 15:47:00',2,5,550,14,8,7,26,13),(551,'2023-05-29 15:47:00',2,5,551,15,8,7,26,13),(552,'2023-05-29 15:47:00',2,5,552,15,8,7,26,13),(553,'2023-05-29 15:47:00',2,5,553,15,8,7,26,13),(554,'2023-05-29 15:47:00',2,5,554,15,8,7,27,13),(555,'2023-05-29 15:47:00',2,5,555,15,8,7,27,13),(556,'2023-05-29 15:47:00',2,5,556,15,8,7,27,13),(557,'2023-05-29 15:47:00',2,5,557,15,8,7,27,13),(558,'2023-05-29 15:47:00',2,5,558,15,8,7,27,13),(559,'2023-05-29 15:47:00',2,5,559,15,8,7,27,13),(560,'2023-05-29 15:47:00',2,5,560,15,8,7,27,13),(561,'2023-05-29 15:47:00',2,5,561,15,8,7,27,13),(562,'2023-05-29 15:47:00',2,5,562,15,8,7,27,13),(563,'2023-05-29 15:47:00',2,5,563,15,8,7,27,13),(564,'2023-05-29 15:47:00',2,5,564,15,8,7,27,13),(565,'2023-05-29 15:47:00',2,5,565,15,8,7,27,13),(566,'2023-05-29 15:47:00',2,5,566,15,8,7,27,13),(567,'2023-05-29 15:47:00',2,5,567,15,8,7,27,13),(568,'2023-05-29 15:47:00',2,5,568,15,8,7,27,13),(569,'2023-05-29 15:47:00',2,5,569,15,8,7,27,13),(570,'2023-05-29 15:47:00',2,5,570,15,8,7,27,13),(571,'2023-05-29 15:47:03',2,6,571,1,9,9,47,9),(572,'2023-05-29 15:47:03',2,6,572,1,9,9,47,9),(573,'2023-05-29 15:47:03',2,6,573,1,9,9,47,9),(574,'2023-05-29 15:47:03',2,6,574,1,9,9,47,9),(575,'2023-05-29 15:47:03',2,6,575,1,9,9,47,9),(576,'2023-05-29 15:47:03',2,6,576,1,9,9,47,9),(577,'2023-05-29 15:47:03',2,6,577,1,9,9,47,9),(578,'2023-05-29 15:47:03',2,6,578,1,9,9,47,9),(579,'2023-05-29 15:47:03',2,6,579,1,9,9,47,9),(580,'2023-05-29 15:47:03',2,6,580,1,9,9,47,9),(581,'2023-05-29 15:47:03',2,6,581,2,9,9,47,9),(582,'2023-05-29 15:47:03',2,6,582,2,9,9,47,9),(583,'2023-05-29 15:47:03',2,6,583,2,9,9,47,9),(584,'2023-05-29 15:47:03',2,6,584,2,9,9,47,9),(585,'2023-05-29 15:47:03',2,6,585,2,9,9,47,9),(586,'2023-05-29 15:47:03',2,6,586,2,9,9,47,9),(587,'2023-05-29 15:47:03',2,6,587,2,9,9,47,9),(588,'2023-05-29 15:47:03',2,6,588,2,9,9,47,9),(589,'2023-05-29 15:47:03',2,6,589,2,9,9,47,9),(590,'2023-05-29 15:47:03',2,6,590,2,9,9,47,9),(591,'2023-05-29 15:47:03',2,6,591,3,9,9,47,9),(592,'2023-05-29 15:47:03',2,6,592,3,9,9,47,9),(593,'2023-05-29 15:47:03',2,6,593,3,9,9,47,9),(594,'2023-05-29 15:47:03',2,6,594,3,9,9,47,9),(595,'2023-05-29 15:47:03',2,6,595,3,9,9,47,9),(596,'2023-05-29 15:47:03',2,6,596,3,9,9,47,9),(597,'2023-05-29 15:47:03',2,6,597,3,9,9,47,9),(598,'2023-05-29 15:47:03',2,6,598,3,9,9,47,9),(599,'2023-05-29 15:47:03',2,6,599,3,9,9,47,9),(600,'2023-05-29 15:47:03',2,6,600,4,9,9,49,9),(601,'2023-05-29 15:47:03',2,6,601,4,9,9,49,9),(602,'2023-05-29 15:47:03',2,6,602,5,9,9,50,9),(603,'2023-05-29 15:47:03',2,6,603,5,9,9,50,9),(604,'2023-05-29 15:47:03',2,6,604,5,9,9,50,9),(605,'2023-05-29 15:47:03',2,6,605,5,9,9,50,9),(606,'2023-05-29 15:47:03',2,6,606,5,9,9,50,9),(607,'2023-05-29 15:47:03',2,6,607,5,9,9,50,9),(608,'2023-05-29 15:47:03',2,6,608,5,9,9,50,9),(609,'2023-05-29 15:47:03',2,6,609,5,9,9,50,9),(610,'2023-05-29 15:47:03',2,6,610,5,9,9,50,9),(611,'2023-05-29 15:47:03',2,6,611,5,9,9,50,9),(612,'2023-05-29 15:47:03',2,6,612,5,9,9,50,9),(613,'2023-05-29 15:47:03',2,6,613,5,9,9,50,9),(614,'2023-05-29 15:47:03',2,6,614,5,9,9,50,9),(615,'2023-05-29 15:47:03',2,6,615,5,9,9,50,9),(616,'2023-05-29 15:47:03',2,6,616,5,9,9,50,9),(617,'2023-05-29 15:47:03',2,6,617,5,9,9,50,9),(618,'2023-05-29 15:47:03',2,6,618,5,9,9,50,9),(619,'2023-05-29 15:47:03',2,6,619,5,9,9,50,9),(620,'2023-05-29 15:47:03',2,6,620,5,9,9,50,9),(621,'2023-05-29 15:47:03',2,6,621,6,9,9,50,9),(622,'2023-05-29 15:47:03',2,6,622,6,9,9,50,9),(623,'2023-05-29 15:47:03',2,6,623,6,9,9,50,9),(624,'2023-05-29 15:47:03',2,6,624,6,9,9,50,9),(625,'2023-05-29 15:47:03',2,6,625,6,9,9,50,9),(626,'2023-05-29 15:47:03',2,6,626,6,9,9,50,9),(627,'2023-05-29 15:47:03',2,6,627,6,9,9,50,9),(628,'2023-05-29 15:47:03',2,6,628,6,9,9,50,9),(629,'2023-05-29 15:47:03',2,6,629,6,9,9,50,9),(630,'2023-05-29 15:47:03',2,6,630,6,9,9,50,9),(631,'2023-05-29 15:47:03',2,6,631,6,9,9,50,9),(632,'2023-05-29 15:47:03',2,6,632,6,9,9,50,9),(633,'2023-05-29 15:47:03',2,6,633,6,9,9,50,9),(634,'2023-05-29 15:47:03',2,6,634,6,9,9,50,9),(635,'2023-05-29 15:47:03',2,6,635,6,9,9,50,9),(636,'2023-05-29 15:47:03',2,6,636,6,9,9,50,9),(637,'2023-05-29 15:47:03',2,6,637,6,9,9,50,9),(638,'2023-05-29 15:47:03',2,6,638,6,9,9,50,9),(639,'2023-05-29 15:47:03',2,6,639,6,9,9,50,9),(640,'2023-05-29 15:47:03',2,6,640,6,9,9,47,9),(641,'2023-05-29 15:47:03',2,6,641,6,9,9,47,9),(642,'2023-05-29 15:47:03',2,6,642,6,9,9,47,9),(643,'2023-05-29 15:47:03',2,6,643,6,9,9,47,9),(644,'2023-05-29 15:47:03',2,6,644,6,9,9,47,9),(645,'2023-05-29 15:47:03',2,6,645,6,9,9,47,9),(646,'2023-05-29 15:47:03',2,6,646,6,9,9,47,9),(647,'2023-05-29 15:47:03',2,6,647,6,9,9,47,9),(648,'2023-05-29 15:47:03',2,6,648,6,9,9,47,9),(649,'2023-05-29 15:47:03',2,6,649,6,9,9,47,9),(650,'2023-05-29 15:47:03',2,6,650,6,9,9,47,9),(651,'2023-05-29 15:47:09',2,5,651,1,2,2,1,3),(652,'2023-05-29 15:47:09',2,5,652,1,2,2,1,3),(653,'2023-05-29 15:47:09',2,5,653,1,2,2,1,3),(654,'2023-05-29 15:47:09',2,5,654,1,2,2,1,3),(655,'2023-05-29 15:47:09',2,5,655,1,2,2,1,3),(656,'2023-05-29 15:47:09',2,5,656,1,2,2,1,3),(657,'2023-05-29 15:47:09',2,5,657,1,2,2,1,3),(658,'2023-05-29 15:47:09',2,5,658,1,2,2,1,3),(659,'2023-05-29 15:47:09',2,5,659,1,2,2,1,3),(660,'2023-05-29 15:47:09',2,5,660,1,2,2,1,3),(661,'2023-05-29 15:47:09',2,5,661,2,2,2,1,3),(662,'2023-05-29 15:47:09',2,5,662,2,2,2,1,3),(663,'2023-05-29 15:47:09',2,5,663,2,2,2,1,3),(664,'2023-05-29 15:47:09',2,5,664,2,2,2,1,3),(665,'2023-05-29 15:47:09',2,5,665,2,2,2,1,3),(666,'2023-05-29 15:47:09',2,5,666,2,2,2,1,3),(667,'2023-05-29 15:47:09',2,5,667,2,2,2,1,3),(668,'2023-05-29 15:47:09',2,5,668,2,2,2,1,3),(669,'2023-05-29 15:47:09',2,5,669,2,2,2,1,3),(670,'2023-05-29 15:47:09',2,5,670,2,2,2,1,3),(671,'2023-05-29 15:47:09',2,3,671,2,2,NULL,NULL,2),(672,'2023-05-29 15:47:09',2,3,672,2,2,NULL,NULL,2),(673,'2023-05-29 15:47:09',2,3,673,2,2,NULL,NULL,2),(674,'2023-05-29 15:47:09',2,3,674,2,2,NULL,NULL,2),(675,'2023-05-29 15:47:09',2,3,675,2,2,NULL,NULL,2),(676,'2023-05-29 15:47:09',2,3,676,2,2,NULL,NULL,2),(677,'2023-05-29 15:47:09',2,3,677,2,2,NULL,NULL,2),(678,'2023-05-29 15:47:09',2,3,678,2,2,NULL,NULL,2),(679,'2023-05-29 15:47:09',2,3,679,2,2,NULL,NULL,2),(680,'2023-05-29 15:47:09',2,3,680,2,2,NULL,NULL,2),(681,'2023-05-29 15:47:09',3,4,681,1,1,3,1,NULL),(682,'2023-05-29 15:47:09',3,4,682,1,1,3,1,NULL),(683,'2023-05-29 15:47:09',3,4,683,1,1,3,1,NULL),(684,'2023-05-29 15:47:09',3,4,684,1,1,3,1,NULL),(685,'2023-05-29 15:47:09',3,4,685,1,1,3,1,NULL),(686,'2023-05-29 15:47:09',3,4,686,1,1,3,1,NULL),(687,'2023-05-29 15:47:09',3,4,687,1,1,3,1,NULL),(688,'2023-05-29 15:47:09',3,4,688,1,1,3,1,NULL),(689,'2023-05-29 15:47:09',3,4,689,1,1,3,1,NULL),(690,'2023-05-29 15:47:09',3,4,690,1,1,3,1,NULL),(691,'2023-05-30 21:50:45',2,5,691,1,1,1,5,1),(692,'2023-05-30 21:50:45',2,5,692,1,1,1,5,1),(693,'2023-05-30 21:50:45',2,5,693,1,1,1,5,1),(694,'2023-05-30 21:50:45',2,5,694,1,1,1,5,1),(695,'2023-05-30 21:50:45',2,5,695,1,1,1,5,1),(696,'2023-05-30 21:50:45',2,5,696,1,1,1,5,1),(697,'2023-05-30 21:50:45',2,5,697,1,1,1,5,1),(698,'2023-05-30 21:50:45',2,5,698,1,1,1,5,1),(699,'2023-05-30 21:50:45',2,5,699,1,1,1,5,1),(700,'2023-05-30 21:50:45',2,5,700,1,1,1,5,1),(701,'2023-05-30 21:50:45',2,5,701,1,1,1,5,1),(702,'2023-05-30 21:50:45',2,5,702,1,1,1,5,1),(703,'2023-05-30 21:50:45',2,5,703,1,1,1,5,1),(704,'2023-05-30 21:50:45',2,5,704,1,1,1,5,1),(705,'2023-05-30 21:50:45',2,5,705,1,1,1,5,1),(706,'2023-05-30 21:50:45',2,5,706,1,1,1,5,1),(707,'2023-05-30 21:50:45',2,5,707,1,1,1,5,1),(708,'2023-05-30 21:50:45',2,5,709,1,1,1,5,1),(709,'2023-05-30 21:50:45',2,5,710,1,1,1,5,1),(710,'2023-05-30 21:50:45',2,5,711,1,1,1,5,1),(711,'2023-05-30 21:50:45',2,5,712,1,1,1,5,1),(712,'2023-05-30 21:50:45',2,5,713,1,1,1,5,1),(713,'2023-05-30 21:50:45',2,5,714,1,1,1,5,1),(714,'2023-05-30 21:50:45',2,5,715,1,1,1,5,1),(715,'2023-05-30 21:50:45',2,5,716,1,1,1,5,1),(716,'2023-05-30 21:50:45',2,5,717,1,1,1,5,1),(717,'2023-05-30 21:50:45',2,5,718,1,1,1,5,1),(718,'2023-05-30 21:50:45',2,5,719,1,1,1,5,1),(719,'2023-05-30 21:50:45',2,6,720,1,1,1,5,1),(720,'2023-05-30 21:50:45',2,6,721,3,1,1,5,17),(721,'2023-05-30 21:50:45',2,6,722,3,1,1,5,17),(722,'2023-05-30 21:50:45',2,6,723,3,1,1,5,17),(723,'2023-05-30 21:50:45',2,6,724,3,1,1,5,17),(724,'2023-05-30 21:50:45',2,6,725,3,1,1,5,17),(725,'2023-05-30 21:50:45',2,6,726,3,1,1,5,17),(726,'2023-05-30 21:50:45',2,6,727,3,1,1,5,17),(727,'2023-05-30 21:50:45',2,6,728,3,1,1,5,17),(728,'2023-05-30 21:50:45',2,6,729,3,1,1,5,17),(729,'2023-05-30 21:50:45',2,6,730,3,1,1,5,17);
/*!40000 ALTER TABLE `transactionlog` ENABLE KEYS */;
UNLOCK TABLES;

--
-- Table structure for table `users`
--

DROP TABLE IF EXISTS `users`;
/*!40101 SET @saved_cs_client     = @@character_set_client */;
/*!50503 SET character_set_client = utf8mb4 */;
CREATE TABLE `users` (
  `userID` int NOT NULL AUTO_INCREMENT,
  `password` varchar(255) NOT NULL,
  `Permision` int NOT NULL,
  `firstName` varchar(255) DEFAULT NULL,
  `lastName` varchar(255) DEFAULT NULL,
  `userRole` varchar(255) DEFAULT NULL,
  PRIMARY KEY (`userID`),
  UNIQUE KEY `idUsers_UNIQUE` (`userID`)
) ENGINE=InnoDB AUTO_INCREMENT=9 DEFAULT CHARSET=utf8mb4 COLLATE=utf8mb4_0900_ai_ci COMMENT='Table for users of the program';
/*!40101 SET character_set_client = @saved_cs_client */;

--
-- Dumping data for table `users`
--

LOCK TABLES `users` WRITE;
/*!40000 ALTER TABLE `users` DISABLE KEYS */;
INSERT INTO users VALUES (1,'$2a$08$wkJZiX0D.FPOVbsCuDmiBe14L6UFWAKkaYfALcHlv9saXPztybcvm',1,'Dough','Henry','Mill'),(2,'$2a$08$HgTEhro2.iteq26ORrQ6fekeD56OsqAbjYHPUj37TgHDHcX1vkLta',2,'Mathew','Satler','Loco Operator'),(3,'$2a$08$vuM7du751UzTRsJYY3ri2uH2LqdhCx24dG4s3dsD4mtB/tfXOjnwa', 3,'Cass','Young','Harvest Operator'),(4,'root',1,'Jarrod','Stout','Mill'),(5,'root',3,'Doubt','Young','Harvester Operator'),(6,'root',2,'Harry','Brown','Loco Operator'),(7,'root',2,'Jack','Smith','Loco Operator'),(8,'root',2,'Ron','Falcon','Loco Operator');
/*!40000 ALTER TABLE `users` ENABLE KEYS */;
UNLOCK TABLES;
/*!40103 SET TIME_ZONE=@OLD_TIME_ZONE */;

/*!40101 SET SQL_MODE=@OLD_SQL_MODE */;
/*!40014 SET FOREIGN_KEY_CHECKS=@OLD_FOREIGN_KEY_CHECKS */;
/*!40014 SET UNIQUE_CHECKS=@OLD_UNIQUE_CHECKS */;
/*!40101 SET CHARACTER_SET_CLIENT=@OLD_CHARACTER_SET_CLIENT */;
/*!40101 SET CHARACTER_SET_RESULTS=@OLD_CHARACTER_SET_RESULTS */;
/*!40101 SET COLLATION_CONNECTION=@OLD_COLLATION_CONNECTION */;
/*!40111 SET SQL_NOTES=@OLD_SQL_NOTES */;

-- Dump completed on 2023-05-31 21:33:58
