-- MySQL dump 10.13  Distrib 8.0.36, for Linux (x86_64)
--
-- Host: 127.0.0.1    Database: sugarcane
-- ------------------------------------------------------
-- Server version	8.0.36-0ubuntu0.22.04.1

/*!40101 SET @OLD_CHARACTER_SET_CLIENT=@@CHARACTER_SET_CLIENT */;
/*!40101 SET @OLD_CHARACTER_SET_RESULTS=@@CHARACTER_SET_RESULTS */;
/*!40101 SET @OLD_COLLATION_CONNECTION=@@COLLATION_CONNECTION */;
/*!50503 SET NAMES utf8mb4 */;
/*!40103 SET @OLD_TIME_ZONE=@@TIME_ZONE */;
/*!40103 SET TIME_ZONE='+00:00' */;
/*!40014 SET @OLD_UNIQUE_CHECKS=@@UNIQUE_CHECKS, UNIQUE_CHECKS=0 */;
/*!40014 SET @OLD_FOREIGN_KEY_CHECKS=@@FOREIGN_KEY_CHECKS, FOREIGN_KEY_CHECKS=0 */;
/*!40101 SET @OLD_SQL_MODE=@@SQL_MODE, SQL_MODE='NO_AUTO_VALUE_ON_ZERO' */;
/*!40111 SET @OLD_SQL_NOTES=@@SQL_NOTES, SQL_NOTES=0 */;

--
-- Table structure for table `bin`
--

DROP TABLE IF EXISTS `bin`;
/*!40101 SET @saved_cs_client     = @@character_set_client */;
/*!50503 SET character_set_client = utf8mb4 */;
CREATE TABLE `bin` (
  `binID` int NOT NULL AUTO_INCREMENT,
  `code` char(4) NOT NULL,
  `status` enum('EMPTY','FULL') DEFAULT NULL,
  `sidingID` int DEFAULT NULL,
  `locoID` int DEFAULT NULL,
  `harvesterID` int DEFAULT NULL,
  `burnt` tinyint(1) NOT NULL DEFAULT '0',
  `missing` tinyint(1) NOT NULL DEFAULT '0',
  `repair` tinyint NOT NULL DEFAULT '0',
  `full` tinyint(1) NOT NULL DEFAULT '0',
  `droppedOffInRun` tinyint(1) DEFAULT NULL,
  `pickedUpInRun` tinyint(1) DEFAULT NULL,
  PRIMARY KEY (`binID`),
  UNIQUE KEY `binsID` (`binID`),
  KEY `bin_locomotive_locoID_fk` (`locoID`),
  KEY `bin_siding_sidingID_fk` (`sidingID`),
  CONSTRAINT `bin_locomotive_locoID_fk` FOREIGN KEY (`locoID`) REFERENCES `locomotive` (`locoID`),
  CONSTRAINT `bin_siding_sidingID_fk` FOREIGN KEY (`sidingID`) REFERENCES `siding` (`sidingID`)
) ENGINE=InnoDB AUTO_INCREMENT=732 DEFAULT CHARSET=utf8mb4 COLLATE=utf8mb4_0900_ai_ci;
/*!40101 SET character_set_client = @saved_cs_client */;

--
-- Dumping data for table `bin`
--

LOCK TABLES `bin` WRITE;
/*!40000 ALTER TABLE `bin` DISABLE KEYS */;
INSERT INTO `bin` (binID, code, status, sidingID, locoID, burnt, missing, repair, full, droppedOffInRun, pickedUpInRun) VALUES (1,'0001','EMPTY',1,NULL,0,0,0,1,1,0),(2,'0002','FULL',NULL,8,0,0,0,0,0,1),(3,'','FULL',7,NULL,0,0,0,0,0,0),(4,'','FULL',3,NULL,0,0,0,0,0,0),(5,'','FULL',NULL,1,0,0,0,0,0,1),(6,'','FULL',3,NULL,0,0,0,0,1,0),(7,'','FULL',NULL,NULL,0,0,0,0,0,0),(8,'','FULL',NULL,NULL,0,0,0,0,0,0),(9,'','FULL',NULL,NULL,0,0,0,0,0,0),(10,'','FULL',NULL,NULL,0,0,0,0,0,0),(11,'','FULL',NULL,NULL,0,0,0,0,0,0),(12,'','FULL',1,NULL,1,0,1,1,0,0),(13,'','FULL',1,NULL,1,1,0,0,0,0),(14,'','FULL',1,NULL,0,0,0,0,0,0),(15,'','FULL',1,NULL,1,1,0,0,0,0),(16,'','EMPTY',1,NULL,0,0,0,0,0,0),(17,'','EMPTY',1,NULL,0,0,0,1,0,0),(18,'','EMPTY',1,NULL,0,0,0,0,0,0),(19,'','EMPTY',1,NULL,0,0,0,0,0,0),(20,'','EMPTY',1,NULL,0,0,0,0,0,0),(21,'','EMPTY',1,NULL,0,0,0,0,0,0),(22,'','EMPTY',1,NULL,0,0,0,0,0,0),(23,'','EMPTY',NULL,NULL,0,0,0,0,0,0),(24,'','EMPTY',NULL,NULL,0,0,0,0,0,0),(25,'','EMPTY',NULL,NULL,0,0,0,0,0,0),(26,'','EMPTY',NULL,NULL,0,0,0,0,0,0),(27,'','EMPTY',NULL,NULL,0,0,0,0,0,0),(28,'','EMPTY',NULL,NULL,0,0,0,0,0,0),(29,'','EMPTY',NULL,NULL,0,0,0,0,0,0),(30,'','EMPTY',NULL,NULL,0,0,0,0,0,0),(31,'','EMPTY',NULL,NULL,0,0,0,0,0,0),(32,'','EMPTY',NULL,NULL,0,0,0,0,0,0),(33,'','EMPTY',NULL,NULL,0,0,0,0,0,0),(34,'','EMPTY',NULL,NULL,0,0,0,0,0,0),(35,'','EMPTY',NULL,NULL,0,0,0,0,0,0),(36,'','EMPTY',NULL,NULL,0,0,0,0,0,0),(37,'','EMPTY',NULL,NULL,0,0,0,0,0,0),(38,'','EMPTY',NULL,NULL,0,0,0,0,0,0),(39,'','EMPTY',NULL,NULL,0,0,0,0,0,0),(40,'','EMPTY',NULL,NULL,0,0,0,0,0,0),(41,'','EMPTY',NULL,NULL,0,0,0,0,0,0),(42,'','EMPTY',NULL,NULL,0,0,0,0,0,0),(43,'','EMPTY',NULL,NULL,0,0,0,0,0,0),(44,'','EMPTY',NULL,NULL,0,0,0,0,0,0),(45,'','EMPTY',NULL,NULL,0,0,0,0,0,0),(46,'','EMPTY',NULL,NULL,0,0,0,0,0,0),(47,'','EMPTY',NULL,NULL,0,0,0,0,0,0),(48,'','EMPTY',NULL,NULL,0,0,0,0,0,0),(49,'','EMPTY',NULL,NULL,0,0,0,0,0,0),(50,'','EMPTY',NULL,NULL,0,0,0,0,0,0),(51,'','EMPTY',NULL,NULL,0,0,0,0,0,0),(52,'','EMPTY',NULL,NULL,0,0,0,0,0,0),(53,'','EMPTY',NULL,NULL,0,0,0,0,0,0),(54,'','EMPTY',NULL,NULL,0,0,0,0,0,0),(55,'','EMPTY',NULL,NULL,0,0,0,0,0,0),(56,'','EMPTY',NULL,NULL,0,0,0,0,0,0),(57,'','EMPTY',NULL,NULL,0,0,0,0,0,0),(58,'','EMPTY',NULL,NULL,0,0,0,0,0,0),(59,'','EMPTY',NULL,NULL,0,0,0,0,0,0),(60,'','EMPTY',NULL,NULL,0,0,0,0,0,0),(61,'','EMPTY',NULL,NULL,0,0,0,0,0,0),(62,'','EMPTY',NULL,NULL,0,0,0,0,0,0),(63,'','EMPTY',NULL,NULL,0,0,0,0,0,0),(64,'','EMPTY',NULL,NULL,0,0,0,0,0,0),(65,'','EMPTY',NULL,NULL,0,0,0,0,0,0),(66,'','EMPTY',NULL,NULL,0,0,0,0,0,0),(67,'','EMPTY',NULL,NULL,0,0,0,0,0,0),(68,'','EMPTY',NULL,NULL,0,0,0,0,0,0),(69,'','EMPTY',NULL,NULL,0,0,0,0,0,0),(70,'','EMPTY',NULL,NULL,0,0,0,0,0,0),(71,'','EMPTY',NULL,NULL,0,0,0,0,0,0),(72,'','EMPTY',NULL,NULL,0,0,0,0,0,0),(73,'','EMPTY',NULL,NULL,0,0,0,0,0,0),(74,'','EMPTY',NULL,NULL,0,0,0,0,0,0),(75,'','EMPTY',NULL,NULL,0,0,0,0,0,0),(76,'','EMPTY',NULL,NULL,0,0,0,0,0,0),(77,'','EMPTY',NULL,NULL,0,0,0,0,0,0),(78,'','EMPTY',NULL,NULL,0,0,0,0,0,0),(79,'','EMPTY',NULL,NULL,0,0,0,0,0,0),(80,'','EMPTY',NULL,NULL,0,0,0,0,0,0),(81,'','EMPTY',NULL,NULL,0,0,0,0,0,0),(82,'','EMPTY',NULL,NULL,0,0,0,0,0,0),(83,'','EMPTY',NULL,NULL,0,0,0,0,0,0),(84,'','EMPTY',NULL,NULL,0,0,0,0,0,0),(85,'','EMPTY',NULL,NULL,0,0,0,0,0,0),(86,'','EMPTY',NULL,NULL,0,0,0,0,0,0),(87,'','EMPTY',NULL,NULL,0,0,0,0,0,0),(88,'','EMPTY',NULL,NULL,0,0,0,0,0,0),(89,'','EMPTY',NULL,NULL,0,0,0,0,0,0),(90,'','EMPTY',NULL,NULL,0,0,0,0,0,0),(91,'','EMPTY',NULL,NULL,0,0,0,0,0,0),(92,'','EMPTY',NULL,NULL,0,0,0,0,0,0),(93,'','EMPTY',NULL,NULL,0,0,0,0,0,0),(94,'','EMPTY',NULL,NULL,0,0,0,0,0,0),(95,'','EMPTY',NULL,NULL,0,0,0,0,0,0),(96,'','EMPTY',NULL,NULL,0,0,0,0,0,0),(97,'','EMPTY',NULL,NULL,0,0,0,0,0,0),(98,'','EMPTY',NULL,NULL,0,0,0,0,0,0),(99,'','EMPTY',NULL,NULL,0,0,0,0,0,0),(100,'','EMPTY',NULL,NULL,0,0,0,0,0,0),(101,'','EMPTY',NULL,NULL,0,0,0,0,0,0),(102,'','EMPTY',NULL,NULL,0,0,0,0,0,0),(103,'','EMPTY',NULL,NULL,0,0,0,0,0,0),(104,'','EMPTY',NULL,NULL,0,0,0,0,0,0),(105,'','EMPTY',NULL,NULL,0,0,0,0,0,0),(106,'','EMPTY',NULL,NULL,0,0,0,0,0,0),(107,'','EMPTY',NULL,NULL,0,0,0,0,0,0),(108,'','EMPTY',NULL,NULL,0,0,0,0,0,0),(109,'','EMPTY',NULL,NULL,0,0,0,0,0,0),(110,'','EMPTY',NULL,NULL,0,0,0,0,0,0),(111,'','EMPTY',NULL,NULL,0,0,0,0,0,0),(112,'','EMPTY',NULL,NULL,0,0,0,0,0,0),(113,'','EMPTY',NULL,NULL,0,0,0,0,0,0),(114,'','EMPTY',NULL,NULL,0,0,0,0,0,0),(115,'','EMPTY',NULL,NULL,0,0,0,0,0,0),(116,'','EMPTY',NULL,NULL,0,0,0,0,0,0),(117,'','EMPTY',NULL,NULL,0,0,0,0,0,0),(118,'','EMPTY',NULL,NULL,0,0,0,0,0,0),(119,'','EMPTY',NULL,NULL,0,0,0,0,0,0),(120,'','EMPTY',NULL,NULL,0,0,0,0,0,0),(121,'','EMPTY',NULL,NULL,0,0,0,0,0,0),(122,'','EMPTY',NULL,NULL,0,0,0,0,0,0),(123,'','EMPTY',NULL,NULL,0,0,0,0,0,0),(124,'','EMPTY',NULL,NULL,0,0,0,0,0,0),(125,'','EMPTY',NULL,NULL,0,0,0,0,0,0),(126,'','EMPTY',NULL,NULL,0,0,0,0,0,0),(127,'','EMPTY',NULL,NULL,0,0,0,0,0,0),(128,'','EMPTY',NULL,NULL,0,0,0,0,0,0),(129,'','EMPTY',NULL,NULL,0,0,0,0,0,0),(130,'','EMPTY',NULL,NULL,0,0,0,0,0,0),(131,'','EMPTY',NULL,NULL,0,0,0,0,0,0),(132,'','EMPTY',NULL,NULL,0,0,0,0,0,0),(133,'','EMPTY',NULL,NULL,0,0,0,0,0,0),(134,'','EMPTY',NULL,NULL,0,0,0,0,0,0),(135,'','EMPTY',NULL,NULL,0,0,0,0,0,0),(136,'','EMPTY',NULL,NULL,0,0,0,0,0,0),(137,'','EMPTY',NULL,NULL,0,0,0,0,0,0),(138,'','EMPTY',NULL,NULL,0,0,0,0,0,0),(139,'','EMPTY',NULL,NULL,0,0,0,0,0,0),(140,'','EMPTY',NULL,NULL,0,0,0,0,0,0),(141,'','EMPTY',NULL,NULL,0,0,0,0,0,0),(142,'','EMPTY',NULL,NULL,0,0,0,0,0,0),(143,'','EMPTY',NULL,NULL,0,0,0,0,0,0),(144,'','EMPTY',NULL,NULL,0,0,0,0,0,0),(145,'','EMPTY',NULL,NULL,0,0,0,0,0,0),(146,'','EMPTY',NULL,NULL,0,0,0,0,0,0),(147,'','EMPTY',NULL,NULL,0,0,0,0,0,0),(148,'','EMPTY',NULL,NULL,0,0,0,0,0,0),(149,'','EMPTY',NULL,NULL,0,0,0,0,0,0),(150,'','EMPTY',NULL,NULL,0,0,0,0,0,0),(151,'','EMPTY',NULL,NULL,0,0,0,0,0,0),(152,'','EMPTY',NULL,NULL,0,0,0,0,0,0),(153,'','EMPTY',NULL,NULL,0,0,0,0,0,0),(154,'','EMPTY',NULL,NULL,0,0,0,0,0,0),(155,'','EMPTY',NULL,NULL,0,0,0,0,0,0),(156,'','EMPTY',NULL,NULL,0,0,0,0,0,0),(157,'','EMPTY',NULL,NULL,0,0,0,0,0,0),(158,'','EMPTY',NULL,NULL,0,0,0,0,0,0),(159,'','EMPTY',NULL,NULL,0,0,0,0,0,0),(160,'','EMPTY',NULL,NULL,0,0,0,0,0,0),(161,'','EMPTY',NULL,NULL,0,0,0,0,0,0),(162,'','EMPTY',NULL,NULL,0,0,0,0,0,0),(163,'','EMPTY',NULL,NULL,0,0,0,0,0,0),(164,'','EMPTY',NULL,NULL,0,0,0,0,0,0),(165,'','EMPTY',NULL,NULL,0,0,0,0,0,0),(166,'','EMPTY',NULL,NULL,0,0,0,0,0,0),(167,'','EMPTY',NULL,NULL,0,0,0,0,0,0),(168,'','EMPTY',NULL,NULL,0,0,0,0,0,0),(169,'','EMPTY',NULL,NULL,0,0,0,0,0,0),(170,'','EMPTY',NULL,NULL,0,0,0,0,0,0),(171,'','EMPTY',NULL,NULL,0,0,0,0,0,0),(172,'','EMPTY',NULL,NULL,0,0,0,0,0,0),(173,'','EMPTY',NULL,NULL,0,0,0,0,0,0),(174,'','EMPTY',NULL,NULL,0,0,0,0,0,0),(175,'','EMPTY',NULL,NULL,0,0,0,0,0,0),(176,'','EMPTY',NULL,NULL,0,0,0,0,0,0),(177,'','EMPTY',NULL,NULL,0,0,0,0,0,0),(178,'','EMPTY',NULL,NULL,0,0,0,0,0,0),(179,'','EMPTY',NULL,NULL,0,0,0,0,0,0),(180,'','EMPTY',NULL,NULL,0,0,0,0,0,0),(181,'','EMPTY',NULL,NULL,0,0,0,0,0,0),(182,'','EMPTY',NULL,NULL,0,0,0,0,0,0),(183,'','EMPTY',NULL,NULL,0,0,0,0,0,0),(184,'','EMPTY',NULL,NULL,0,0,0,0,0,0),(185,'','EMPTY',NULL,NULL,0,0,0,0,0,0),(186,'','EMPTY',NULL,NULL,0,0,0,0,0,0),(187,'','EMPTY',NULL,NULL,0,0,0,0,0,0),(188,'','EMPTY',NULL,NULL,0,0,0,0,0,0),(189,'','EMPTY',NULL,NULL,0,0,0,0,0,0),(190,'','EMPTY',NULL,NULL,0,0,0,0,0,0),(191,'','EMPTY',NULL,NULL,0,0,0,0,0,0),(192,'','EMPTY',NULL,NULL,0,0,0,0,0,0),(193,'','EMPTY',NULL,NULL,0,0,0,0,0,0),(194,'','EMPTY',NULL,NULL,0,0,0,0,0,0),(195,'','EMPTY',NULL,NULL,0,0,0,0,0,0),(196,'','EMPTY',NULL,NULL,0,0,0,0,0,0),(197,'','EMPTY',NULL,NULL,0,0,0,0,0,0),(198,'','EMPTY',NULL,NULL,0,0,0,0,0,0),(199,'','EMPTY',NULL,NULL,0,0,0,0,0,0),(200,'','EMPTY',NULL,NULL,0,0,0,0,0,0),(201,'','EMPTY',NULL,NULL,0,0,0,0,0,0),(202,'','EMPTY',NULL,NULL,0,0,0,0,0,0),(203,'','EMPTY',NULL,NULL,0,0,0,0,0,0),(204,'','EMPTY',NULL,NULL,0,0,0,0,0,0),(205,'','EMPTY',NULL,NULL,0,0,0,0,0,0),(206,'','EMPTY',NULL,NULL,0,0,0,0,0,0),(207,'','EMPTY',NULL,NULL,0,0,0,0,0,0),(208,'','EMPTY',NULL,NULL,0,0,0,0,0,0),(209,'','EMPTY',NULL,NULL,0,0,0,0,0,0),(210,'','EMPTY',NULL,NULL,0,0,0,0,0,0),(211,'','EMPTY',NULL,NULL,0,0,0,0,0,0),(212,'','EMPTY',NULL,NULL,0,0,0,0,0,0),(213,'','EMPTY',NULL,NULL,0,0,0,0,0,0),(214,'','EMPTY',NULL,NULL,0,0,0,0,0,0),(215,'','EMPTY',NULL,NULL,0,0,0,0,0,0),(216,'','EMPTY',NULL,NULL,0,0,0,0,0,0),(217,'','EMPTY',NULL,NULL,0,0,0,0,0,0),(218,'','EMPTY',NULL,NULL,0,0,0,0,0,0),(219,'','EMPTY',NULL,NULL,0,0,0,0,0,0),(220,'','EMPTY',NULL,NULL,0,0,0,0,0,0),(221,'','EMPTY',NULL,NULL,0,0,0,0,0,0),(222,'','EMPTY',NULL,NULL,0,0,0,0,0,0),(223,'','EMPTY',NULL,NULL,0,0,0,0,0,0),(224,'','EMPTY',NULL,NULL,0,0,0,0,0,0),(225,'','EMPTY',NULL,NULL,0,0,0,0,0,0),(226,'','EMPTY',NULL,NULL,0,0,0,0,0,0),(227,'','EMPTY',NULL,NULL,0,0,0,0,0,0),(228,'','EMPTY',NULL,NULL,0,0,0,0,0,0),(229,'','EMPTY',NULL,NULL,0,0,0,0,0,0),(230,'','EMPTY',NULL,NULL,0,0,0,0,0,0),(231,'','EMPTY',NULL,NULL,0,0,0,0,0,0),(232,'','EMPTY',NULL,NULL,0,0,0,0,0,0),(233,'','EMPTY',NULL,NULL,0,0,0,0,0,0),(234,'','EMPTY',NULL,NULL,0,0,0,0,0,0),(235,'','EMPTY',NULL,NULL,0,0,0,0,0,0),(236,'','EMPTY',NULL,NULL,0,0,0,0,0,0),(237,'','EMPTY',NULL,NULL,0,0,0,0,0,0),(238,'','EMPTY',NULL,NULL,0,0,0,0,0,0),(239,'','EMPTY',NULL,NULL,0,0,0,0,0,0),(240,'','EMPTY',NULL,NULL,0,0,0,0,0,0),(241,'','EMPTY',NULL,NULL,0,0,0,0,0,0),(242,'','EMPTY',NULL,NULL,0,0,0,0,0,0),(243,'','EMPTY',NULL,NULL,0,0,0,0,0,0),(244,'','EMPTY',NULL,NULL,0,0,0,0,0,0),(245,'','EMPTY',NULL,NULL,0,0,0,0,0,0),(246,'','EMPTY',NULL,NULL,0,0,0,0,0,0),(247,'','EMPTY',NULL,NULL,0,0,0,0,0,0),(248,'','EMPTY',NULL,NULL,0,0,0,0,0,0),(249,'','EMPTY',NULL,NULL,0,0,0,0,0,0),(250,'','EMPTY',NULL,NULL,0,0,0,0,0,0),(251,'','EMPTY',NULL,NULL,0,0,0,0,0,0),(252,'','EMPTY',NULL,NULL,0,0,0,0,0,0),(253,'','EMPTY',NULL,NULL,0,0,0,0,0,0),(254,'','EMPTY',NULL,NULL,0,0,0,0,0,0),(255,'','EMPTY',NULL,NULL,0,0,0,0,0,0),(256,'','EMPTY',NULL,NULL,0,0,0,0,0,0),(257,'','EMPTY',NULL,NULL,0,0,0,0,0,0),(258,'','EMPTY',NULL,NULL,0,0,0,0,0,0),(259,'','EMPTY',NULL,NULL,0,0,0,0,0,0),(260,'','EMPTY',NULL,NULL,0,0,0,0,0,0),(261,'','EMPTY',NULL,NULL,0,0,0,0,0,0),(262,'','EMPTY',NULL,NULL,0,0,0,0,0,0),(263,'','EMPTY',NULL,NULL,0,0,0,0,0,0),(264,'','EMPTY',NULL,NULL,0,0,0,0,0,0),(265,'','EMPTY',NULL,NULL,0,0,0,0,0,0),(266,'','EMPTY',NULL,NULL,0,0,0,0,0,0),(267,'','EMPTY',NULL,NULL,0,0,0,0,0,0),(268,'','EMPTY',NULL,NULL,0,0,0,0,0,0),(269,'','EMPTY',NULL,NULL,0,0,0,0,0,0),(270,'','EMPTY',NULL,NULL,0,0,0,0,0,0),(271,'','EMPTY',NULL,NULL,0,0,0,0,0,0),(272,'','EMPTY',NULL,NULL,0,0,0,0,0,0),(273,'','EMPTY',NULL,NULL,0,0,0,0,0,0),(274,'','EMPTY',NULL,NULL,0,0,0,0,0,0),(275,'','EMPTY',NULL,NULL,0,0,0,0,0,0),(276,'','EMPTY',NULL,NULL,0,0,0,0,0,0),(277,'','EMPTY',NULL,NULL,0,0,0,0,0,0),(278,'','EMPTY',NULL,NULL,0,0,0,0,0,0),(279,'','EMPTY',NULL,NULL,0,0,0,0,0,0),(280,'','EMPTY',NULL,NULL,0,0,0,0,0,0),(281,'','EMPTY',NULL,NULL,0,0,0,0,0,0),(282,'','EMPTY',NULL,NULL,0,0,0,0,0,0),(283,'','EMPTY',NULL,NULL,0,0,0,0,0,0),(284,'','EMPTY',NULL,NULL,0,0,0,0,0,0),(285,'','EMPTY',NULL,NULL,0,0,0,0,0,0),(286,'','EMPTY',NULL,NULL,0,0,0,0,0,0),(287,'','EMPTY',NULL,NULL,0,0,0,0,0,0),(288,'','EMPTY',NULL,NULL,0,0,0,0,0,0),(289,'','EMPTY',NULL,NULL,0,0,0,0,0,0),(290,'','EMPTY',NULL,NULL,0,0,0,0,0,0),(291,'','EMPTY',NULL,NULL,0,0,0,0,0,0),(292,'','EMPTY',NULL,NULL,0,0,0,0,0,0),(293,'','EMPTY',NULL,NULL,0,0,0,0,0,0),(294,'','EMPTY',NULL,NULL,0,0,0,0,0,0),(295,'','EMPTY',NULL,NULL,0,0,0,0,0,0),(296,'','EMPTY',NULL,NULL,0,0,0,0,0,0),(297,'','EMPTY',NULL,NULL,0,0,0,0,0,0),(298,'','EMPTY',NULL,NULL,0,0,0,0,0,0),(299,'','EMPTY',NULL,NULL,0,0,0,0,0,0),(300,'','EMPTY',NULL,NULL,0,0,0,0,0,0),(301,'','EMPTY',NULL,NULL,0,0,0,0,0,0),(302,'','EMPTY',NULL,NULL,0,0,0,0,0,0),(303,'','EMPTY',NULL,NULL,0,0,0,0,0,0),(304,'','EMPTY',NULL,NULL,0,0,0,0,0,0),(305,'','EMPTY',NULL,NULL,0,0,0,0,0,0),(306,'','EMPTY',NULL,NULL,0,0,0,0,0,0),(307,'','EMPTY',NULL,NULL,0,0,0,0,0,0),(308,'','EMPTY',NULL,NULL,0,0,0,0,0,0),(309,'','EMPTY',NULL,NULL,0,0,0,0,0,0),(310,'','EMPTY',NULL,NULL,0,0,0,0,0,0),(311,'','EMPTY',NULL,NULL,0,0,0,0,0,0),(312,'','EMPTY',NULL,NULL,0,0,0,0,0,0),(313,'','EMPTY',NULL,NULL,0,0,0,0,0,0),(314,'','EMPTY',NULL,NULL,0,0,0,0,0,0),(315,'','EMPTY',NULL,NULL,0,0,0,0,0,0),(316,'','EMPTY',NULL,NULL,0,0,0,0,0,0),(317,'','EMPTY',NULL,NULL,0,0,0,0,0,0),(318,'','EMPTY',NULL,NULL,0,0,0,0,0,0),(319,'','EMPTY',NULL,NULL,0,0,0,0,0,0),(320,'','EMPTY',NULL,NULL,0,0,0,0,0,0),(321,'','EMPTY',NULL,NULL,0,0,0,0,0,0),(322,'','EMPTY',NULL,NULL,0,0,0,0,0,0),(323,'','EMPTY',NULL,NULL,0,0,0,0,0,0),(324,'','EMPTY',NULL,NULL,0,0,0,0,0,0),(325,'','EMPTY',NULL,NULL,0,0,0,0,0,0),(326,'','EMPTY',NULL,NULL,0,0,0,0,0,0),(327,'','EMPTY',NULL,NULL,0,0,0,0,0,0),(328,'','EMPTY',NULL,NULL,0,0,0,0,0,0),(329,'','EMPTY',NULL,NULL,0,0,0,0,0,0),(330,'','EMPTY',NULL,NULL,0,0,0,0,0,0),(331,'','EMPTY',NULL,NULL,0,0,0,0,0,0),(332,'','EMPTY',NULL,NULL,0,0,0,0,0,0),(333,'','EMPTY',NULL,NULL,0,0,0,0,0,0),(334,'','EMPTY',NULL,NULL,0,0,0,0,0,0),(335,'','EMPTY',NULL,NULL,0,0,0,0,0,0),(336,'','EMPTY',NULL,NULL,0,0,0,0,0,0),(337,'','EMPTY',NULL,NULL,0,0,0,0,0,0),(338,'','EMPTY',NULL,NULL,0,0,0,0,0,0),(339,'','EMPTY',NULL,NULL,0,0,0,0,0,0),(340,'','EMPTY',NULL,NULL,0,0,0,0,0,0),(341,'','EMPTY',NULL,NULL,0,0,0,0,0,0),(342,'','EMPTY',NULL,NULL,0,0,0,0,0,0),(343,'','EMPTY',NULL,NULL,0,0,0,0,0,0),(344,'','EMPTY',NULL,NULL,0,0,0,0,0,0),(345,'','EMPTY',NULL,NULL,0,0,0,0,0,0),(346,'','EMPTY',NULL,NULL,0,0,0,0,0,0),(347,'','EMPTY',NULL,NULL,0,0,0,0,0,0),(348,'','EMPTY',NULL,NULL,0,0,0,0,0,0),(349,'','EMPTY',NULL,NULL,0,0,0,0,0,0),(350,'','EMPTY',NULL,NULL,0,0,0,0,0,0),(351,'','EMPTY',NULL,NULL,0,0,0,0,0,0),(352,'','EMPTY',NULL,NULL,0,0,0,0,0,0),(353,'','EMPTY',NULL,NULL,0,0,0,0,0,0),(354,'','EMPTY',NULL,NULL,0,0,0,0,0,0),(355,'','EMPTY',NULL,NULL,0,0,0,0,0,0),(356,'','EMPTY',NULL,NULL,0,0,0,0,0,0),(357,'','EMPTY',NULL,NULL,0,0,0,0,0,0),(358,'','EMPTY',NULL,NULL,0,0,0,0,0,0),(359,'','EMPTY',NULL,NULL,0,0,0,0,0,0),(360,'','EMPTY',NULL,NULL,0,0,0,0,0,0),(361,'','EMPTY',NULL,NULL,0,0,0,0,0,0),(362,'','EMPTY',NULL,NULL,0,0,0,0,0,0),(363,'','EMPTY',NULL,NULL,0,0,0,0,0,0),(364,'','EMPTY',NULL,NULL,0,0,0,0,0,0),(365,'','EMPTY',NULL,NULL,0,0,0,0,0,0),(366,'','EMPTY',NULL,NULL,0,0,0,0,0,0),(367,'','EMPTY',NULL,NULL,0,0,0,0,0,0),(368,'','EMPTY',NULL,NULL,0,0,0,0,0,0),(369,'','EMPTY',NULL,NULL,0,0,0,0,0,0),(370,'','EMPTY',NULL,NULL,0,0,0,0,0,0),(371,'','EMPTY',NULL,NULL,0,0,0,0,0,0),(372,'','EMPTY',NULL,NULL,0,0,0,0,0,0),(373,'','EMPTY',NULL,NULL,0,0,0,0,0,0),(374,'','EMPTY',NULL,NULL,0,0,0,0,0,0),(375,'','EMPTY',NULL,NULL,0,0,0,0,0,0),(376,'','EMPTY',NULL,NULL,0,0,0,0,0,0),(377,'','EMPTY',NULL,NULL,0,0,0,0,0,0),(378,'','EMPTY',NULL,NULL,0,0,0,0,0,0),(379,'','EMPTY',NULL,NULL,0,0,0,0,0,0),(380,'','EMPTY',NULL,NULL,0,0,0,0,0,0),(381,'','EMPTY',NULL,NULL,0,0,0,0,0,0),(382,'','EMPTY',NULL,NULL,0,0,0,0,0,0),(383,'','EMPTY',NULL,NULL,0,0,0,0,0,0),(384,'','EMPTY',NULL,NULL,0,0,0,0,0,0),(385,'','EMPTY',NULL,NULL,0,0,0,0,0,0),(386,'','EMPTY',NULL,NULL,0,0,0,0,0,0),(387,'','EMPTY',NULL,NULL,0,0,0,0,0,0),(388,'','EMPTY',NULL,NULL,0,0,0,0,0,0),(389,'','EMPTY',NULL,NULL,0,0,0,0,0,0),(390,'','EMPTY',NULL,NULL,0,0,0,0,0,0),(391,'','EMPTY',NULL,NULL,0,0,0,0,0,0),(392,'','EMPTY',NULL,NULL,0,0,0,0,0,0),(393,'','EMPTY',NULL,NULL,0,0,0,0,0,0),(394,'','EMPTY',NULL,NULL,0,0,0,0,0,0),(395,'','EMPTY',NULL,NULL,0,0,0,0,0,0),(396,'','EMPTY',NULL,NULL,0,0,0,0,0,0),(397,'','EMPTY',NULL,NULL,0,0,0,0,0,0),(398,'','EMPTY',NULL,NULL,0,0,0,0,0,0),(399,'','EMPTY',NULL,NULL,0,0,0,0,0,0),(400,'','EMPTY',NULL,NULL,0,0,0,0,0,0),(401,'','EMPTY',NULL,NULL,0,0,0,0,0,0),(402,'','EMPTY',NULL,NULL,0,0,0,0,0,0),(403,'','EMPTY',NULL,NULL,0,0,0,0,0,0),(404,'','EMPTY',NULL,NULL,0,0,0,0,0,0),(405,'','EMPTY',NULL,NULL,0,0,0,0,0,0),(406,'','EMPTY',NULL,NULL,0,0,0,0,0,0),(407,'','EMPTY',NULL,NULL,0,0,0,0,0,0),(408,'','EMPTY',NULL,NULL,0,0,0,0,0,0),(409,'','EMPTY',NULL,NULL,0,0,0,0,0,0),(410,'','EMPTY',NULL,NULL,0,0,0,0,0,0),(411,'','EMPTY',NULL,NULL,0,0,0,0,0,0),(412,'','EMPTY',NULL,NULL,0,0,0,0,0,0),(413,'','EMPTY',NULL,NULL,0,0,0,0,0,0),(414,'','EMPTY',NULL,NULL,0,0,0,0,0,0),(415,'','EMPTY',NULL,NULL,0,0,0,0,0,0),(416,'','EMPTY',NULL,NULL,0,0,0,0,0,0),(417,'','EMPTY',NULL,NULL,0,0,0,0,0,0),(418,'','EMPTY',NULL,NULL,0,0,0,0,0,0),(419,'','EMPTY',NULL,NULL,0,0,0,0,0,0),(420,'','EMPTY',NULL,NULL,0,0,0,0,0,0),(421,'','EMPTY',NULL,NULL,0,0,0,0,0,0),(422,'','EMPTY',NULL,NULL,0,0,0,0,0,0),(423,'','EMPTY',NULL,NULL,0,0,0,0,0,0),(424,'','EMPTY',NULL,NULL,0,0,0,0,0,0),(425,'','EMPTY',NULL,NULL,0,0,0,0,0,0),(426,'','EMPTY',NULL,NULL,0,0,0,0,0,0),(427,'','EMPTY',NULL,NULL,0,0,0,0,0,0),(428,'','EMPTY',NULL,NULL,0,0,0,0,0,0),(429,'','EMPTY',NULL,NULL,0,0,0,0,0,0),(430,'','EMPTY',NULL,NULL,0,0,0,0,0,0),(431,'','EMPTY',NULL,NULL,0,0,0,0,0,0),(432,'','EMPTY',NULL,NULL,0,0,0,0,0,0),(433,'','EMPTY',NULL,NULL,0,0,0,0,0,0),(434,'','EMPTY',NULL,NULL,0,0,0,0,0,0),(435,'','EMPTY',NULL,NULL,0,0,0,0,0,0),(436,'','EMPTY',NULL,NULL,0,0,0,0,0,0),(437,'','EMPTY',NULL,NULL,0,0,0,0,0,0),(438,'','EMPTY',NULL,NULL,0,0,0,0,0,0),(439,'','EMPTY',NULL,NULL,0,0,0,0,0,0),(440,'','EMPTY',NULL,NULL,0,0,0,0,0,0),(441,'','EMPTY',NULL,NULL,0,0,0,0,0,0),(442,'','EMPTY',NULL,NULL,0,0,0,0,0,0),(443,'','EMPTY',NULL,NULL,0,0,0,0,0,0),(444,'','EMPTY',NULL,NULL,0,0,0,0,0,0),(445,'','EMPTY',NULL,NULL,0,0,0,0,0,0),(446,'','EMPTY',NULL,NULL,0,0,0,0,0,0),(447,'','EMPTY',NULL,NULL,0,0,0,0,0,0),(448,'','EMPTY',NULL,NULL,0,0,0,0,0,0),(449,'','EMPTY',NULL,NULL,0,0,0,0,0,0),(450,'','EMPTY',NULL,NULL,0,0,0,0,0,0),(451,'','EMPTY',NULL,NULL,0,0,0,0,0,0),(452,'','EMPTY',NULL,NULL,0,0,0,0,0,0),(453,'','EMPTY',NULL,NULL,0,0,0,0,0,0),(454,'','EMPTY',NULL,NULL,0,0,0,0,0,0),(455,'','EMPTY',NULL,NULL,0,0,0,0,0,0),(456,'','EMPTY',NULL,NULL,0,0,0,0,0,0),(457,'','EMPTY',NULL,NULL,0,0,0,0,0,0),(458,'','EMPTY',NULL,NULL,0,0,0,0,0,0),(459,'','EMPTY',NULL,NULL,0,0,0,0,0,0),(460,'','EMPTY',NULL,NULL,0,0,0,0,0,0),(461,'','EMPTY',NULL,NULL,0,0,0,0,0,0),(462,'','EMPTY',NULL,NULL,0,0,0,0,0,0),(463,'','EMPTY',NULL,NULL,0,0,0,0,0,0),(464,'','EMPTY',NULL,NULL,0,0,0,0,0,0),(465,'','EMPTY',NULL,NULL,0,0,0,0,0,0),(466,'','EMPTY',NULL,NULL,0,0,0,0,0,0),(467,'','EMPTY',NULL,NULL,0,0,0,0,0,0),(468,'','EMPTY',NULL,NULL,0,0,0,0,0,0),(469,'','EMPTY',NULL,NULL,0,0,0,0,0,0),(470,'','EMPTY',NULL,NULL,0,0,0,0,0,0),(471,'','EMPTY',NULL,NULL,0,0,0,0,0,0),(472,'','EMPTY',NULL,NULL,0,0,0,0,0,0),(473,'','EMPTY',NULL,NULL,0,0,0,0,0,0),(474,'','EMPTY',NULL,NULL,0,0,0,0,0,0),(475,'','EMPTY',NULL,NULL,0,0,0,0,0,0),(476,'','EMPTY',NULL,NULL,0,0,0,0,0,0),(477,'','EMPTY',NULL,NULL,0,0,0,0,0,0),(478,'','EMPTY',NULL,NULL,0,0,0,0,0,0),(479,'','EMPTY',NULL,NULL,0,0,0,0,0,0),(480,'','EMPTY',NULL,NULL,0,0,0,0,0,0),(481,'','EMPTY',NULL,NULL,0,0,0,0,0,0),(482,'','EMPTY',NULL,NULL,0,0,0,0,0,0),(483,'','EMPTY',NULL,NULL,0,0,0,0,0,0),(484,'','EMPTY',NULL,NULL,0,0,0,0,0,0),(485,'','EMPTY',NULL,NULL,0,0,0,0,0,0),(486,'','EMPTY',NULL,NULL,0,0,0,0,0,0),(487,'','EMPTY',NULL,NULL,0,0,0,0,0,0),(488,'','EMPTY',NULL,NULL,0,0,0,0,0,0),(489,'','EMPTY',NULL,NULL,0,0,0,0,0,0),(490,'','EMPTY',NULL,NULL,0,0,0,0,0,0),(491,'','EMPTY',NULL,NULL,0,0,0,0,0,0),(492,'','EMPTY',NULL,NULL,0,0,0,0,0,0),(493,'','EMPTY',NULL,NULL,0,0,0,0,0,0),(494,'','EMPTY',NULL,NULL,0,0,0,0,0,0),(495,'','EMPTY',NULL,NULL,0,0,0,0,0,0),(496,'','EMPTY',NULL,NULL,0,0,0,0,0,0),(497,'','EMPTY',NULL,NULL,0,0,0,0,0,0),(498,'','EMPTY',NULL,NULL,0,0,0,0,0,0),(499,'','EMPTY',NULL,NULL,0,0,0,0,0,0),(500,'','EMPTY',NULL,NULL,0,0,0,0,0,0),(501,'','EMPTY',NULL,NULL,1,0,0,0,0,0),(502,'','EMPTY',NULL,NULL,1,0,0,0,0,0),(503,'','EMPTY',NULL,NULL,1,0,0,0,0,0),(504,'','EMPTY',NULL,NULL,1,0,0,0,0,0),(505,'','EMPTY',NULL,NULL,1,0,0,0,0,0),(506,'','EMPTY',NULL,NULL,1,0,0,0,0,0),(507,'','EMPTY',NULL,NULL,1,0,0,0,0,0),(508,'','EMPTY',NULL,NULL,1,0,0,0,0,0),(509,'','EMPTY',NULL,NULL,1,0,0,0,0,0),(510,'','EMPTY',NULL,NULL,1,0,0,0,0,0),(511,'','EMPTY',NULL,NULL,1,0,0,0,0,0),(512,'','EMPTY',NULL,NULL,1,0,0,0,0,0),(513,'','EMPTY',NULL,NULL,1,0,0,0,0,0),(514,'','EMPTY',NULL,NULL,1,0,0,0,0,0),(515,'','EMPTY',NULL,NULL,1,0,0,0,0,0),(516,'','EMPTY',NULL,NULL,1,0,0,0,0,0),(517,'','EMPTY',NULL,NULL,1,0,0,0,0,0),(518,'','EMPTY',NULL,NULL,1,0,0,0,0,0),(519,'','EMPTY',NULL,NULL,1,0,0,0,0,0),(520,'','EMPTY',NULL,NULL,1,0,0,0,0,0),(521,'','EMPTY',NULL,NULL,1,0,0,0,0,0),(522,'','EMPTY',NULL,NULL,1,0,0,0,0,0),(523,'','EMPTY',NULL,NULL,1,0,0,0,0,0),(524,'','EMPTY',NULL,NULL,1,0,0,0,0,0),(525,'','EMPTY',NULL,NULL,1,0,0,0,0,0),(526,'','EMPTY',NULL,NULL,1,0,0,0,0,0),(527,'','EMPTY',NULL,NULL,1,0,0,0,0,0),(528,'','EMPTY',NULL,NULL,1,0,0,0,0,0),(529,'','EMPTY',NULL,NULL,1,0,0,0,0,0),(530,'','EMPTY',NULL,NULL,1,0,0,0,0,0),(531,'','EMPTY',NULL,NULL,1,0,0,0,0,0),(532,'','EMPTY',NULL,NULL,1,0,0,0,0,0),(533,'','EMPTY',NULL,NULL,1,0,0,0,0,0),(534,'','EMPTY',NULL,NULL,1,0,0,0,0,0),(535,'','EMPTY',NULL,NULL,1,0,0,0,0,0),(536,'','EMPTY',NULL,NULL,1,0,0,0,0,0),(537,'','EMPTY',NULL,NULL,1,0,0,0,0,0),(538,'','EMPTY',NULL,NULL,1,0,0,0,0,0),(539,'','EMPTY',NULL,NULL,1,0,0,0,0,0),(540,'','EMPTY',NULL,NULL,1,0,0,0,0,0),(541,'','EMPTY',NULL,NULL,1,0,0,0,0,0),(542,'','EMPTY',NULL,NULL,1,0,0,0,0,0),(543,'','EMPTY',NULL,NULL,1,0,0,0,0,0),(544,'','EMPTY',NULL,NULL,1,0,0,0,0,0),(545,'','EMPTY',NULL,NULL,1,0,0,0,0,0),(546,'','EMPTY',NULL,NULL,1,0,0,0,0,0),(547,'','EMPTY',NULL,NULL,1,0,0,0,0,0),(548,'','EMPTY',NULL,NULL,1,0,0,0,0,0),(549,'','EMPTY',NULL,NULL,1,0,0,0,0,0),(550,'','EMPTY',NULL,NULL,1,0,0,0,0,0),(551,'','EMPTY',NULL,NULL,1,0,0,0,0,0),(552,'','EMPTY',NULL,NULL,1,0,0,0,0,0),(553,'','EMPTY',NULL,NULL,1,0,0,0,0,0),(554,'','EMPTY',NULL,NULL,1,0,0,0,0,0),(555,'','EMPTY',NULL,NULL,1,0,0,0,0,0),(556,'','EMPTY',NULL,NULL,1,0,0,0,0,0),(557,'','EMPTY',NULL,NULL,1,0,0,0,0,0),(558,'','EMPTY',NULL,NULL,1,0,0,0,0,0),(559,'','EMPTY',NULL,NULL,1,0,0,0,0,0),(560,'','EMPTY',NULL,NULL,1,0,0,0,0,0),(561,'','EMPTY',NULL,NULL,1,0,0,0,0,0),(562,'','EMPTY',NULL,NULL,1,0,0,0,0,0),(563,'','EMPTY',NULL,NULL,1,0,0,0,0,0),(564,'','EMPTY',NULL,NULL,1,0,0,0,0,0),(565,'','EMPTY',NULL,NULL,1,0,0,0,0,0),(566,'','EMPTY',NULL,NULL,1,0,0,0,0,0),(567,'','EMPTY',NULL,NULL,1,0,0,0,0,0),(568,'','EMPTY',NULL,NULL,1,0,0,0,0,0),(569,'','EMPTY',NULL,NULL,1,0,0,0,0,0),(570,'','EMPTY',NULL,NULL,1,0,0,0,0,0),(571,'','EMPTY',NULL,NULL,1,0,0,0,0,0),(572,'','EMPTY',NULL,NULL,1,0,0,0,0,0),(573,'','EMPTY',NULL,NULL,1,0,0,0,0,0),(574,'','EMPTY',NULL,NULL,1,0,0,0,0,0),(575,'','EMPTY',NULL,NULL,1,0,0,0,0,0),(576,'','EMPTY',NULL,NULL,1,0,0,0,0,0),(577,'','EMPTY',NULL,NULL,1,0,0,0,0,0),(578,'','EMPTY',NULL,NULL,1,0,0,0,0,0),(579,'','EMPTY',NULL,NULL,1,0,0,0,0,0),(580,'','EMPTY',NULL,NULL,1,0,0,0,0,0),(581,'','EMPTY',NULL,NULL,1,0,0,0,0,0),(582,'','EMPTY',NULL,NULL,1,0,0,0,0,0),(583,'','EMPTY',NULL,NULL,1,0,0,0,0,0),(584,'','EMPTY',NULL,NULL,1,0,0,0,0,0),(585,'','EMPTY',NULL,NULL,1,0,0,0,0,0),(586,'','EMPTY',NULL,NULL,1,0,0,0,0,0),(587,'','EMPTY',NULL,NULL,1,0,0,0,0,0),(588,'','EMPTY',NULL,NULL,1,0,0,0,0,0),(589,'','EMPTY',NULL,NULL,1,0,0,0,0,0),(590,'','EMPTY',NULL,NULL,1,0,0,0,0,0),(591,'','EMPTY',NULL,NULL,1,0,0,0,0,0),(592,'','EMPTY',NULL,NULL,1,0,0,0,0,0),(593,'','EMPTY',NULL,NULL,1,0,0,0,0,0),(594,'','EMPTY',NULL,NULL,1,0,0,0,0,0),(595,'','EMPTY',NULL,NULL,1,0,0,0,0,0),(596,'','EMPTY',NULL,NULL,1,0,0,0,0,0),(597,'','EMPTY',NULL,NULL,1,0,0,0,0,0),(598,'','EMPTY',NULL,NULL,1,0,0,0,0,0),(599,'','EMPTY',NULL,NULL,1,0,0,0,0,0),(600,'','EMPTY',NULL,NULL,1,0,0,0,0,0),(601,'','EMPTY',NULL,NULL,1,0,0,0,0,0),(602,'','EMPTY',NULL,NULL,1,0,0,0,0,0),(603,'','EMPTY',NULL,NULL,1,0,0,0,0,0),(604,'','EMPTY',NULL,NULL,1,0,0,0,0,0),(605,'','EMPTY',NULL,NULL,1,0,0,0,0,0),(606,'','EMPTY',NULL,NULL,1,0,0,0,0,0),(607,'','EMPTY',NULL,NULL,1,0,0,0,0,0),(608,'','EMPTY',NULL,NULL,1,0,0,0,0,0),(609,'','EMPTY',NULL,NULL,1,0,0,0,0,0),(610,'','EMPTY',NULL,NULL,1,0,0,0,0,0),(611,'','EMPTY',NULL,NULL,1,0,0,0,0,0),(612,'','EMPTY',NULL,NULL,1,0,0,0,0,0),(613,'','EMPTY',NULL,NULL,1,0,0,0,0,0),(614,'','EMPTY',NULL,NULL,1,0,0,0,0,0),(615,'','EMPTY',NULL,NULL,1,0,0,0,0,0),(616,'','EMPTY',NULL,NULL,1,0,0,0,0,0),(617,'','EMPTY',NULL,NULL,1,0,0,0,0,0),(618,'','EMPTY',NULL,NULL,1,0,0,0,0,0),(619,'','EMPTY',NULL,NULL,1,0,0,0,0,0),(620,'','EMPTY',NULL,NULL,1,0,0,0,0,0),(621,'','EMPTY',NULL,NULL,1,0,0,0,0,0),(622,'','EMPTY',NULL,NULL,1,0,0,0,0,0),(623,'','EMPTY',NULL,NULL,1,0,0,0,0,0),(624,'','EMPTY',NULL,NULL,1,0,0,0,0,0),(625,'','EMPTY',NULL,NULL,1,0,0,0,0,0),(626,'','EMPTY',NULL,NULL,1,0,0,0,0,0),(627,'','EMPTY',NULL,NULL,1,0,0,0,0,0),(628,'','EMPTY',NULL,NULL,1,0,0,0,0,0),(629,'','EMPTY',NULL,NULL,1,0,0,0,0,0),(630,'','EMPTY',NULL,NULL,1,0,0,0,0,0),(631,'','EMPTY',NULL,NULL,1,0,0,0,0,0),(632,'','EMPTY',NULL,NULL,1,0,0,0,0,0),(633,'','EMPTY',NULL,NULL,1,0,0,0,0,0),(634,'','EMPTY',NULL,NULL,1,0,0,0,0,0),(635,'','EMPTY',NULL,NULL,1,0,0,0,0,0),(636,'','EMPTY',NULL,NULL,1,0,0,0,0,0),(637,'','EMPTY',NULL,NULL,1,0,0,0,0,0),(638,'','EMPTY',NULL,NULL,1,0,0,0,0,0),(639,'','EMPTY',NULL,NULL,1,0,0,0,0,0),(640,'','EMPTY',NULL,NULL,1,0,0,0,0,0),(641,'','EMPTY',NULL,NULL,1,0,0,0,0,0),(642,'','EMPTY',NULL,NULL,1,0,0,0,0,0),(643,'','EMPTY',NULL,NULL,1,0,0,0,0,0),(644,'','EMPTY',NULL,NULL,1,0,0,0,0,0),(645,'','EMPTY',NULL,NULL,1,0,0,0,0,0),(646,'','EMPTY',NULL,NULL,1,0,0,0,0,0),(647,'','EMPTY',NULL,NULL,1,0,0,0,0,0),(648,'','EMPTY',NULL,NULL,1,0,0,0,0,0),(649,'','EMPTY',NULL,NULL,1,0,0,0,0,0),(650,'','EMPTY',NULL,NULL,1,0,0,0,0,0),(651,'','EMPTY',NULL,NULL,1,0,0,0,0,0),(652,'','EMPTY',NULL,NULL,1,0,0,0,0,0),(653,'','EMPTY',NULL,NULL,1,0,0,0,0,0),(654,'','EMPTY',NULL,NULL,1,0,0,0,0,0),(655,'','EMPTY',NULL,NULL,1,0,0,0,0,0),(656,'','EMPTY',NULL,NULL,1,0,0,0,0,0),(657,'','EMPTY',NULL,NULL,1,0,0,0,0,0),(658,'','EMPTY',NULL,NULL,1,0,0,0,0,0),(659,'','EMPTY',NULL,NULL,1,0,0,0,0,0),(660,'','EMPTY',NULL,NULL,1,0,0,0,0,0),(661,'','EMPTY',NULL,NULL,1,0,0,0,0,0),(662,'','EMPTY',NULL,NULL,1,0,0,0,0,0),(663,'','EMPTY',NULL,NULL,1,0,0,0,0,0),(664,'','EMPTY',NULL,NULL,1,0,0,0,0,0),(665,'','EMPTY',NULL,NULL,1,0,0,0,0,0),(666,'','EMPTY',NULL,NULL,1,0,0,0,0,0),(667,'','EMPTY',NULL,NULL,1,0,0,0,0,0),(668,'','EMPTY',NULL,NULL,1,0,0,0,0,0),(669,'','EMPTY',NULL,NULL,1,0,0,0,0,0),(670,'','EMPTY',NULL,NULL,1,0,0,0,0,0),(671,'','EMPTY',NULL,NULL,1,0,0,0,0,0),(672,'','EMPTY',NULL,NULL,1,0,0,0,0,0),(673,'','EMPTY',NULL,NULL,1,0,0,0,0,0),(674,'','EMPTY',NULL,NULL,1,0,0,0,0,0),(675,'','EMPTY',NULL,NULL,1,0,0,0,0,0),(676,'','EMPTY',NULL,NULL,1,0,0,0,0,0),(677,'','EMPTY',NULL,NULL,1,0,0,0,0,0),(678,'','EMPTY',NULL,NULL,1,0,0,0,0,0),(679,'','EMPTY',NULL,NULL,1,0,0,0,0,0),(680,'','EMPTY',NULL,NULL,1,0,0,0,0,0),(681,'','EMPTY',NULL,NULL,1,0,0,0,0,0),(682,'','EMPTY',NULL,NULL,1,0,0,0,0,0),(683,'','EMPTY',NULL,NULL,1,0,0,0,0,0),(684,'','EMPTY',NULL,NULL,1,0,0,0,0,0),(685,'','EMPTY',NULL,NULL,1,0,0,0,0,0),(686,'','EMPTY',NULL,NULL,1,0,0,0,0,0),(687,'','EMPTY',NULL,NULL,1,0,0,0,0,0),(688,'','EMPTY',NULL,NULL,1,0,0,0,0,0),(689,'','EMPTY',NULL,NULL,1,0,0,0,0,0),(690,'','EMPTY',NULL,NULL,1,0,0,0,0,0),(691,'','EMPTY',NULL,NULL,1,0,0,0,0,0),(692,'','EMPTY',NULL,NULL,1,0,0,0,0,0),(693,'','EMPTY',NULL,NULL,1,0,0,0,0,0),(694,'','EMPTY',NULL,NULL,1,0,0,0,0,0),(695,'','EMPTY',NULL,NULL,1,0,0,0,0,0),(696,'','EMPTY',NULL,NULL,1,0,0,0,0,0),(697,'','EMPTY',NULL,NULL,1,0,0,0,0,0),(698,'','EMPTY',NULL,NULL,1,0,0,0,0,0),(699,'','EMPTY',NULL,NULL,1,0,0,0,0,0),(700,'','EMPTY',NULL,NULL,1,0,0,0,0,0),(701,'','EMPTY',NULL,NULL,1,0,0,0,0,0),(702,'','EMPTY',NULL,NULL,1,0,0,0,0,0),(703,'','EMPTY',NULL,NULL,1,0,0,0,0,0),(704,'','EMPTY',NULL,NULL,1,0,0,0,0,0),(705,'','EMPTY',NULL,NULL,1,0,0,0,0,0),(706,'','EMPTY',NULL,NULL,1,0,0,0,0,0),(707,'','EMPTY',NULL,NULL,1,0,0,0,0,0),(708,'','EMPTY',NULL,NULL,1,0,0,0,0,0),(709,'','EMPTY',NULL,NULL,1,0,0,0,0,0),(710,'','EMPTY',NULL,NULL,1,0,0,0,0,0),(711,'','EMPTY',NULL,NULL,1,0,0,0,0,0),(712,'','EMPTY',NULL,NULL,1,0,0,0,0,0),(713,'','EMPTY',NULL,NULL,1,0,0,0,0,0),(714,'','EMPTY',NULL,NULL,1,0,0,0,0,0),(715,'','EMPTY',NULL,NULL,1,0,0,0,0,0),(716,'','EMPTY',NULL,NULL,1,0,0,0,0,0),(717,'','EMPTY',NULL,NULL,1,0,0,0,0,0),(718,'','EMPTY',NULL,NULL,1,0,0,0,0,0),(719,'','EMPTY',NULL,NULL,1,0,0,0,0,0),(720,'','EMPTY',NULL,NULL,1,0,0,0,0,0),(721,'','EMPTY',NULL,NULL,1,0,0,0,0,0),(722,'','EMPTY',NULL,NULL,1,0,0,0,0,0),(723,'','EMPTY',NULL,NULL,1,0,0,0,0,0),(724,'','EMPTY',NULL,NULL,1,0,0,0,0,0),(725,'','EMPTY',NULL,NULL,1,0,0,0,0,0),(726,'','EMPTY',NULL,NULL,1,0,0,0,0,0),(727,'','EMPTY',NULL,NULL,1,0,0,0,0,0),(728,'','EMPTY',NULL,NULL,1,0,0,0,0,0),(729,'','EMPTY',NULL,NULL,1,0,0,0,0,0),(730,'0003',NULL,NULL,8,0,0,0,0,NULL,NULL),(731,'0004',NULL,1,NULL,0,0,0,0,NULL,NULL);
/*!40000 ALTER TABLE `bin` ENABLE KEYS */;
UNLOCK TABLES;

--
-- Table structure for table `harvester`
--

DROP TABLE IF EXISTS `harvester`;
/*!40101 SET @saved_cs_client     = @@character_set_client */;
/*!50503 SET character_set_client = utf8mb4 */;
CREATE TABLE `harvester` (
  `harvesterID` int NOT NULL AUTO_INCREMENT,
  `harvesterName` varchar(255) DEFAULT NULL,
  PRIMARY KEY (`harvesterID`),
  UNIQUE KEY `idHarvester_UNIQUE` (`harvesterID`)
) ENGINE=InnoDB AUTO_INCREMENT=22 DEFAULT CHARSET=utf8mb4 COLLATE=utf8mb4_0900_ai_ci COMMENT='List of Harvester';
/*!40101 SET character_set_client = @saved_cs_client */;

--
-- Dumping data for table `harvester`
--

LOCK TABLES `harvester` WRITE;
/*!40000 ALTER TABLE `harvester` DISABLE KEYS */;
INSERT INTO `harvester` VALUES (1,'Harvester1'),(2,'Harvester2'),(3,'Harvester3'),(4,'Harvester4'),(5,'JohnDeere'),(6,'JohnDeere1'),(7,'JohnDeer2'),(8,'MartyMcMills Group'),(9,'TrevorsGroupLtd'),(10,'BundabergGroup'),(11,'AgriGroupQLD'),(12,'FarmTeamQLD'),(13,'FNQHarvestGroup'),(14,'FrankyHarvesters'),(16,'CarinsSugarGroup'),(17,'ToolGroup'),(18,'HenryQLD'),(19,'JarrodFNQLtd'),(20,'GrowersGroup'),(21,'MossGroup');
/*!40000 ALTER TABLE `harvester` ENABLE KEYS */;
UNLOCK TABLES;

--
-- Table structure for table `locomotive`
--

DROP TABLE IF EXISTS `locomotive`;
/*!40101 SET @saved_cs_client     = @@character_set_client */;
/*!50503 SET character_set_client = utf8mb4 */;
CREATE TABLE `locomotive` (
  `locoID` int NOT NULL AUTO_INCREMENT,
  `locoName` varchar(255) DEFAULT NULL,
  PRIMARY KEY (`locoID`),
  UNIQUE KEY `idLocomotive_UNIQUE` (`locoID`)
) ENGINE=InnoDB AUTO_INCREMENT=22 DEFAULT CHARSET=utf8mb4 COLLATE=utf8mb4_0900_ai_ci COMMENT='list of locomotive';
/*!40101 SET character_set_client = @saved_cs_client */;

--
-- Dumping data for table `locomotive`
--

LOCK TABLES `locomotive` WRITE;
/*!40000 ALTER TABLE `locomotive` DISABLE KEYS */;
INSERT INTO `locomotive` VALUES (1,'Loco 1'),(2,'Loco 2'),(3,'Loco 3'),(4,'Loco 4'),(5,'Loco 5'),(6,'Loco 6'),(7,'Loco 7'),(8,'Loco 8'),(9,'Loco 9'),(10,'Loco 10'),(11,'Loco 11'),(12,'Loco 12'),(13,'Loco 13'),(14,'Loco 14'),(16,'Loco 16'),(17,'Loco 17'),(18,'Loco 18'),(19,'Loco 19'),(20,'Loco 20');
/*!40000 ALTER TABLE `locomotive` ENABLE KEYS */;
UNLOCK TABLES;

--
-- Table structure for table `run_stops`
--

DROP TABLE IF EXISTS `run_stops`;
/*!40101 SET @saved_cs_client     = @@character_set_client */;
/*!50503 SET character_set_client = utf8mb4 */;
CREATE TABLE `run_stops` (
  `stopID` int NOT NULL AUTO_INCREMENT,
  `runID` int NOT NULL,
  `sidingID` int NOT NULL,
  `collectQuantity` int NOT NULL DEFAULT '0',
  `dropOffQuantity` int NOT NULL DEFAULT '0',
  `dropOffComplete` tinyint(1) NOT NULL DEFAULT '0',
  `collectComplete` tinyint(1) NOT NULL DEFAULT '0',
  PRIMARY KEY (`stopID`),
  KEY `run_stops_siding_sidingID_fk` (`sidingID`),
  KEY `run_stops_runs_runID_fk` (`runID`),
  CONSTRAINT `run_stops_runs_runID_fk` FOREIGN KEY (`runID`) REFERENCES `runs` (`runID`),
  CONSTRAINT `run_stops_siding_sidingID_fk` FOREIGN KEY (`sidingID`) REFERENCES `siding` (`sidingID`)
) ENGINE=InnoDB AUTO_INCREMENT=5 DEFAULT CHARSET=utf8mb4 COLLATE=utf8mb4_0900_ai_ci;
/*!40101 SET character_set_client = @saved_cs_client */;

--
-- Dumping data for table `run_stops`
--

LOCK TABLES `run_stops` WRITE;
/*!40000 ALTER TABLE `run_stops` DISABLE KEYS */;
INSERT INTO `run_stops` VALUES (1,1,3,2,2,1,1),(2,1,7,2,2,0,0);
/*!40000 ALTER TABLE `run_stops` ENABLE KEYS */;
UNLOCK TABLES;

--
-- Table structure for table `runs`
--

DROP TABLE IF EXISTS `runs`;
/*!40101 SET @saved_cs_client     = @@character_set_client */;
/*!50503 SET character_set_client = utf8mb4 */;
CREATE TABLE `runs` (
  `runID` int NOT NULL AUTO_INCREMENT,
  `date` date NOT NULL,
  `runName` int NOT NULL,
  `locoID` int NOT NULL,
  PRIMARY KEY (`runID`),
  KEY `runs_locomotive_locoID_fk` (`locoID`),
  CONSTRAINT `runs_locomotive_locoID_fk` FOREIGN KEY (`locoID`) REFERENCES `locomotive` (`locoID`)
) ENGINE=InnoDB AUTO_INCREMENT=4 DEFAULT CHARSET=utf8mb4 COLLATE=utf8mb4_0900_ai_ci;
/*!40101 SET character_set_client = @saved_cs_client */;

--
-- Dumping data for table `runs`
--

LOCK TABLES `runs` WRITE;
/*!40000 ALTER TABLE `runs` DISABLE KEYS */;
INSERT INTO `runs` VALUES (1,'2024-05-22',1,1);
/*!40000 ALTER TABLE `runs` ENABLE KEYS */;
UNLOCK TABLES;

--
-- Table structure for table `siding`
--

DROP TABLE IF EXISTS `siding`;
/*!40101 SET @saved_cs_client     = @@character_set_client */;
/*!50503 SET character_set_client = utf8mb4 */;
CREATE TABLE `siding` (
  `sidingID` int NOT NULL AUTO_INCREMENT,
  `sidingName` varchar(255) NOT NULL,
  PRIMARY KEY (`sidingID`),
  UNIQUE KEY `idSiding_UNIQUE` (`sidingID`)
) ENGINE=InnoDB AUTO_INCREMENT=25 DEFAULT CHARSET=utf8mb4 COLLATE=utf8mb4_0900_ai_ci COMMENT='list of Siding';
/*!40101 SET character_set_client = @saved_cs_client */;

--
-- Dumping data for table `siding`
--

LOCK TABLES `siding` WRITE;
/*!40000 ALTER TABLE `siding` DISABLE KEYS */;
INSERT INTO `siding` VALUES (1,'Mossman Line1'),(2,'Mossman Line2'),(3,'Mossman Line3'),(4,'Mossman Line4'),(7,'Mossmane line7'),(8,'Mossman Line8'),(9,'Mossman Line9'),(10,'Mossman Line10'),(11,'asdfg'),(12,'123456789'),(16,'1'),(19,'12'),(22,'16'),(23,'19');
/*!40000 ALTER TABLE `siding` ENABLE KEYS */;
UNLOCK TABLES;

--
-- Table structure for table `transactionlog`
--

DROP TABLE IF EXISTS `transactionlog`;
/*!40101 SET @saved_cs_client     = @@character_set_client */;
/*!50503 SET character_set_client = utf8mb4 */;
CREATE TABLE `transactionlog` (
  `transactionID` int NOT NULL AUTO_INCREMENT,
  `transactionTime` datetime NOT NULL DEFAULT CURRENT_TIMESTAMP,
  `userID` int NOT NULL,
  `binID` int NOT NULL,
  `harvesterID` int DEFAULT NULL,
  `sidingID` int DEFAULT NULL,
  `locoID` int DEFAULT NULL,
  `stopID` int DEFAULT NULL,
  `type` enum('FILLED','EMPTIED','PICKED_UP','DROPPED_OFF','MISSING','REPAIR','BURNT', 'RESOLVED') NOT NULL,
  PRIMARY KEY (`transactionID`),
  UNIQUE KEY `transactionNumber` (`transactionID`),
  KEY `transactionlog_harvester_harvesterID_fk` (`harvesterID`),
  KEY `transactionlog_locomotive_locoID_fk` (`locoID`),
  KEY `transactionlog_bin_binID_fk` (`binID`),
  KEY `transactionlog_siding_sidingID_fk` (`sidingID`),
  KEY `transactionlog_users_userID_fk` (`userID`),
  KEY `transactionlog_run_stops_stopID_fk` (`stopID`),
  CONSTRAINT `transactionlog_bin_binID_fk` FOREIGN KEY (`binID`) REFERENCES `bin` (`binID`) ON DELETE CASCADE,
  CONSTRAINT `transactionlog_harvester_harvesterID_fk` FOREIGN KEY (`harvesterID`) REFERENCES `harvester` (`harvesterID`) ON DELETE CASCADE,
  CONSTRAINT `transactionlog_locomotive_locoID_fk` FOREIGN KEY (`locoID`) REFERENCES `locomotive` (`locoID`) ON DELETE CASCADE,
  CONSTRAINT `transactionlog_run_stops_stopID_fk` FOREIGN KEY (`stopID`) REFERENCES `run_stops` (`stopID`) ON DELETE CASCADE,
  CONSTRAINT `transactionlog_siding_sidingID_fk` FOREIGN KEY (`sidingID`) REFERENCES `siding` (`sidingID`) ON DELETE CASCADE,
  CONSTRAINT `transactionlog_users_userID_fk` FOREIGN KEY (`userID`) REFERENCES `users` (`userID`) ON DELETE CASCADE
) ENGINE=InnoDB AUTO_INCREMENT=900 DEFAULT CHARSET=utf8mb4 COLLATE=utf8mb4_0900_ai_ci;
/*!40101 SET character_set_client = @saved_cs_client */;

--
-- Dumping data for table `transactionlog`
--

LOCK TABLES `transactionlog` WRITE;
/*!40000 ALTER TABLE `transactionlog` DISABLE KEYS */;
INSERT INTO `transactionlog` VALUES (1,'2023-05-29 15:46:45',1,1,NULL,NULL,1,NULL,'DROPPED_OFF'),(2,'2023-05-29 15:46:45',1,2,NULL,NULL,1,NULL,'DROPPED_OFF'),(3,'2023-05-29 15:46:45',1,3,NULL,NULL,1,NULL,'DROPPED_OFF'),(4,'2023-05-29 15:46:45',1,4,3,NULL,NULL,NULL,'FILLED'),(5,'2023-05-29 15:46:45',1,5,3,NULL,NULL,NULL,'FILLED'),(6,'2023-05-29 15:46:45',1,6,3,NULL,NULL,NULL,'FILLED'),(7,'2023-05-29 15:46:45',1,7,3,NULL,NULL,NULL,'FILLED'),(8,'2023-05-29 15:46:45',1,8,3,NULL,NULL,NULL,'FILLED'),(9,'2023-05-29 15:46:45',1,9,3,NULL,NULL,NULL,'FILLED'),(10,'2023-05-29 15:46:45',1,10,3,NULL,NULL,NULL,'FILLED'),(11,'2023-05-29 15:46:45',1,11,1,NULL,NULL,NULL,'FILLED'),(12,'2023-05-29 15:46:45',1,12,1,NULL,NULL,NULL,'FILLED'),(13,'2023-05-29 15:46:45',1,13,1,NULL,NULL,NULL,'FILLED'),(14,'2023-05-29 15:46:45',1,14,1,NULL,NULL,NULL,'FILLED'),(15,'2023-05-29 15:46:45',1,15,1,NULL,NULL,NULL,'FILLED'),(16,'2023-05-29 15:46:45',1,16,NULL,3,1,NULL,'DROPPED_OFF'),(17,'2023-05-29 15:46:45',1,17,NULL,3,1,NULL,'DROPPED_OFF'),(18,'2023-05-29 15:46:45',1,18,NULL,3,1,NULL,'DROPPED_OFF'),(19,'2023-05-29 15:46:45',1,19,NULL,3,1,NULL,'PICKED_UP'),(20,'2023-05-29 15:46:45',1,20,NULL,3,1,NULL,'PICKED_UP'),(21,'2023-05-29 15:46:45',2,21,1,3,2,NULL,'PICKED_UP'),(22,'2023-05-29 15:46:45',2,22,1,3,2,NULL,'PICKED_UP'),(23,'2023-05-29 15:46:45',2,23,1,3,2,NULL,'PICKED_UP'),(24,'2023-05-29 15:46:45',2,24,1,3,2,NULL,'DROPPED_OFF'),(25,'2023-05-29 15:46:45',2,25,1,3,2,NULL,'DROPPED_OFF'),(26,'2023-05-29 15:46:45',2,26,1,3,2,NULL,'DROPPED_OFF'),(27,'2023-05-29 15:46:45',2,27,1,1,3,NULL,'DROPPED_OFF'),(28,'2023-05-29 15:46:45',2,28,1,1,3,NULL,'DROPPED_OFF'),(29,'2023-05-29 15:46:45',2,29,1,1,3,NULL,'DROPPED_OFF'),(30,'2023-05-29 15:46:45',2,30,1,1,3,NULL,'DROPPED_OFF'),(31,'2023-05-29 15:46:45',3,31,2,1,NULL,NULL,'DROPPED_OFF'),(32,'2023-05-29 15:46:45',3,32,2,1,NULL,NULL,'DROPPED_OFF'),(33,'2023-05-29 15:46:45',3,33,2,1,NULL,NULL,'DROPPED_OFF'),(34,'2023-05-29 15:46:45',3,34,2,1,NULL,NULL,'DROPPED_OFF'),(35,'2023-05-29 15:46:45',3,35,2,1,NULL,NULL,'DROPPED_OFF'),(36,'2023-05-29 15:46:45',3,36,2,1,NULL,NULL,'DROPPED_OFF'),(37,'2023-05-29 15:46:45',3,37,2,1,NULL,NULL,'DROPPED_OFF'),(38,'2023-05-29 15:46:45',3,38,2,1,NULL,NULL,'DROPPED_OFF'),(39,'2023-05-29 15:46:45',3,39,2,1,NULL,NULL,'DROPPED_OFF'),(40,'2023-05-29 15:46:45',3,40,2,1,NULL,NULL,'DROPPED_OFF'),(41,'2023-05-29 15:46:45',3,41,2,1,NULL,NULL,'DROPPED_OFF'),(42,'2023-05-29 15:46:45',5,42,2,1,NULL,NULL,'DROPPED_OFF'),(43,'2023-05-29 15:46:45',5,43,2,1,NULL,NULL,'DROPPED_OFF'),(44,'2023-05-29 15:46:45',5,44,2,1,NULL,NULL,'DROPPED_OFF'),(45,'2023-05-29 15:46:45',5,45,2,1,NULL,NULL,'DROPPED_OFF'),(46,'2023-05-29 15:46:45',5,46,2,1,NULL,NULL,'DROPPED_OFF'),(47,'2023-05-29 15:46:45',5,47,2,1,NULL,NULL,'DROPPED_OFF'),(48,'2023-05-29 15:46:45',5,48,2,1,NULL,NULL,'DROPPED_OFF'),(49,'2023-05-29 15:46:45',5,49,2,1,NULL,NULL,'DROPPED_OFF'),(50,'2023-05-29 15:46:45',5,50,2,1,NULL,NULL,'DROPPED_OFF'),(51,'2023-05-29 15:46:45',5,51,3,1,2,NULL,'DROPPED_OFF'),(52,'2023-05-29 15:46:45',5,52,3,1,2,NULL,'DROPPED_OFF'),(53,'2023-05-29 15:46:45',5,53,3,1,2,NULL,'DROPPED_OFF'),(54,'2023-05-29 15:46:45',5,54,3,1,2,NULL,'DROPPED_OFF'),(55,'2023-05-29 15:46:45',5,55,3,1,2,NULL,'DROPPED_OFF'),(56,'2023-05-29 15:46:45',5,56,3,1,2,NULL,'DROPPED_OFF'),(57,'2023-05-29 15:46:45',5,57,3,1,2,NULL,'DROPPED_OFF'),(58,'2023-05-29 15:46:45',5,58,3,1,2,NULL,'DROPPED_OFF'),(59,'2023-05-29 15:46:45',5,59,3,1,2,NULL,'DROPPED_OFF'),(60,'2023-05-29 15:46:45',5,60,3,1,2,NULL,'DROPPED_OFF'),(61,'2023-05-29 15:46:45',5,61,3,1,2,NULL,'DROPPED_OFF'),(62,'2023-05-29 15:46:45',5,62,3,1,2,NULL,'DROPPED_OFF'),(63,'2023-05-29 15:46:45',5,63,3,1,2,NULL,'DROPPED_OFF'),(64,'2023-05-29 15:46:45',5,64,3,1,2,NULL,'DROPPED_OFF'),(65,'2023-05-29 15:46:45',5,65,3,1,2,NULL,'DROPPED_OFF'),(66,'2023-05-29 15:46:45',5,66,3,1,2,NULL,'DROPPED_OFF'),(67,'2023-05-29 15:46:45',5,67,3,1,2,NULL,'DROPPED_OFF'),(68,'2023-05-29 15:46:45',5,68,3,1,2,NULL,'DROPPED_OFF'),(69,'2023-05-29 15:46:45',5,69,3,1,2,NULL,'DROPPED_OFF'),(70,'2023-05-29 15:46:45',5,70,3,1,2,NULL,'DROPPED_OFF'),(71,'2023-05-29 15:46:45',1,71,4,2,3,NULL,'DROPPED_OFF'),(72,'2023-05-29 15:46:45',1,72,4,2,3,NULL,'DROPPED_OFF'),(73,'2023-05-29 15:46:45',1,73,4,2,3,NULL,'DROPPED_OFF'),(74,'2023-05-29 15:46:45',1,74,4,2,3,NULL,'DROPPED_OFF'),(75,'2023-05-29 15:46:45',1,75,4,2,3,NULL,'DROPPED_OFF'),(76,'2023-05-29 15:46:45',1,76,4,2,3,NULL,'DROPPED_OFF'),(77,'2023-05-29 15:46:45',1,77,4,2,3,NULL,'DROPPED_OFF'),(78,'2023-05-29 15:46:45',1,78,4,2,3,NULL,'DROPPED_OFF'),(79,'2023-05-29 15:46:45',1,79,4,2,3,NULL,'DROPPED_OFF'),(80,'2023-05-29 15:46:45',1,80,4,2,3,NULL,'DROPPED_OFF'),(81,'2023-05-29 15:46:45',1,81,4,2,3,NULL,'DROPPED_OFF'),(82,'2023-05-29 15:46:45',1,82,4,2,3,NULL,'DROPPED_OFF'),(83,'2023-05-29 15:46:45',1,83,4,2,3,NULL,'DROPPED_OFF'),(84,'2023-05-29 15:46:45',1,84,4,2,3,NULL,'DROPPED_OFF'),(85,'2023-05-29 15:46:45',1,85,4,2,3,NULL,'DROPPED_OFF'),(86,'2023-05-29 15:46:45',1,86,4,2,3,NULL,'DROPPED_OFF'),(87,'2023-05-29 15:46:45',1,87,4,2,3,NULL,'DROPPED_OFF'),(88,'2023-05-29 15:46:45',1,88,4,2,3,NULL,'DROPPED_OFF'),(89,'2023-05-29 15:46:45',1,89,4,2,3,NULL,'DROPPED_OFF'),(90,'2023-05-29 15:46:45',1,90,4,2,3,NULL,'DROPPED_OFF'),(91,'2023-05-29 15:46:49',1,91,NULL,NULL,NULL,NULL,'DROPPED_OFF'),(92,'2023-05-29 15:46:49',1,92,NULL,NULL,NULL,NULL,'DROPPED_OFF'),(93,'2023-05-29 15:46:49',1,93,NULL,NULL,NULL,NULL,'DROPPED_OFF'),(94,'2023-05-29 15:46:49',1,94,NULL,NULL,NULL,NULL,'DROPPED_OFF'),(95,'2023-05-29 15:46:49',1,95,NULL,NULL,NULL,NULL,'DROPPED_OFF'),(96,'2023-05-29 15:46:49',1,96,NULL,NULL,NULL,NULL,'DROPPED_OFF'),(97,'2023-05-29 15:46:49',1,97,NULL,NULL,NULL,NULL,'DROPPED_OFF'),(98,'2023-05-29 15:46:49',1,98,NULL,NULL,NULL,NULL,'DROPPED_OFF'),(99,'2023-05-29 15:46:49',1,99,NULL,NULL,NULL,NULL,'DROPPED_OFF'),(100,'2023-05-29 15:46:49',1,100,NULL,NULL,NULL,NULL,'DROPPED_OFF'),(101,'2023-05-29 15:46:49',1,101,NULL,NULL,NULL,NULL,'DROPPED_OFF'),(102,'2023-05-29 15:46:49',1,102,NULL,NULL,NULL,NULL,'DROPPED_OFF'),(103,'2023-05-29 15:46:49',1,103,NULL,NULL,NULL,NULL,'DROPPED_OFF'),(104,'2023-05-29 15:46:49',1,104,NULL,NULL,NULL,NULL,'DROPPED_OFF'),(105,'2023-05-29 15:46:49',1,105,NULL,NULL,NULL,NULL,'DROPPED_OFF'),(106,'2023-05-29 15:46:49',1,106,NULL,NULL,NULL,NULL,'DROPPED_OFF'),(107,'2023-05-29 15:46:49',1,107,NULL,NULL,NULL,NULL,'DROPPED_OFF'),(108,'2023-05-29 15:46:49',1,108,NULL,NULL,NULL,NULL,'DROPPED_OFF'),(109,'2023-05-29 15:46:49',1,109,NULL,NULL,NULL,NULL,'DROPPED_OFF'),(110,'2023-05-29 15:46:49',1,110,NULL,NULL,NULL,NULL,'DROPPED_OFF'),(111,'2023-05-29 15:46:49',1,111,NULL,NULL,NULL,NULL,'DROPPED_OFF'),(112,'2023-05-29 15:46:49',1,112,NULL,NULL,NULL,NULL,'DROPPED_OFF'),(113,'2023-05-29 15:46:49',1,113,NULL,NULL,NULL,NULL,'DROPPED_OFF'),(114,'2023-05-29 15:46:49',1,114,NULL,NULL,NULL,NULL,'DROPPED_OFF'),(115,'2023-05-29 15:46:49',1,115,NULL,NULL,NULL,NULL,'DROPPED_OFF'),(116,'2023-05-29 15:46:49',1,116,NULL,NULL,NULL,NULL,'DROPPED_OFF'),(117,'2023-05-29 15:46:49',1,117,NULL,NULL,NULL,NULL,'DROPPED_OFF'),(118,'2023-05-29 15:46:49',1,118,NULL,NULL,NULL,NULL,'DROPPED_OFF'),(119,'2023-05-29 15:46:49',1,119,NULL,NULL,NULL,NULL,'DROPPED_OFF'),(120,'2023-05-29 15:46:49',1,120,NULL,NULL,NULL,NULL,'DROPPED_OFF'),(121,'2023-05-29 15:46:49',1,121,NULL,NULL,NULL,NULL,'DROPPED_OFF'),(122,'2023-05-29 15:46:49',1,122,NULL,NULL,NULL,NULL,'DROPPED_OFF'),(123,'2023-05-29 15:46:49',1,123,NULL,NULL,NULL,NULL,'DROPPED_OFF'),(124,'2023-05-29 15:46:49',1,124,NULL,NULL,NULL,NULL,'DROPPED_OFF'),(125,'2023-05-29 15:46:49',1,125,NULL,NULL,NULL,NULL,'DROPPED_OFF'),(126,'2023-05-29 15:46:49',1,126,NULL,NULL,NULL,NULL,'DROPPED_OFF'),(127,'2023-05-29 15:46:49',1,127,NULL,NULL,NULL,NULL,'DROPPED_OFF'),(128,'2023-05-29 15:46:49',1,128,NULL,NULL,NULL,NULL,'DROPPED_OFF'),(129,'2023-05-29 15:46:49',1,129,NULL,NULL,NULL,NULL,'DROPPED_OFF'),(130,'2023-05-29 15:46:49',1,130,NULL,NULL,NULL,NULL,'DROPPED_OFF'),(131,'2023-05-29 15:46:49',1,131,NULL,NULL,NULL,NULL,'DROPPED_OFF'),(132,'2023-05-29 15:46:49',1,132,NULL,NULL,NULL,NULL,'DROPPED_OFF'),(133,'2023-05-29 15:46:49',1,133,NULL,NULL,NULL,NULL,'DROPPED_OFF'),(134,'2023-05-29 15:46:49',1,134,NULL,NULL,NULL,NULL,'DROPPED_OFF'),(135,'2023-05-29 15:46:49',1,135,NULL,NULL,NULL,NULL,'DROPPED_OFF'),(136,'2023-05-29 15:46:49',1,136,NULL,NULL,NULL,NULL,'DROPPED_OFF'),(137,'2023-05-29 15:46:49',1,137,NULL,NULL,NULL,NULL,'DROPPED_OFF'),(138,'2023-05-29 15:46:49',1,138,NULL,NULL,NULL,NULL,'DROPPED_OFF'),(139,'2023-05-29 15:46:49',1,139,NULL,NULL,NULL,NULL,'DROPPED_OFF'),(140,'2023-05-29 15:46:49',1,140,NULL,NULL,NULL,NULL,'DROPPED_OFF'),(141,'2023-05-29 15:46:49',1,141,NULL,NULL,NULL,NULL,'DROPPED_OFF'),(142,'2023-05-29 15:46:49',1,142,NULL,NULL,NULL,NULL,'DROPPED_OFF'),(143,'2023-05-29 15:46:49',1,143,NULL,NULL,NULL,NULL,'DROPPED_OFF'),(144,'2023-05-29 15:46:49',1,144,NULL,NULL,NULL,NULL,'DROPPED_OFF'),(145,'2023-05-29 15:46:49',1,145,NULL,NULL,NULL,NULL,'DROPPED_OFF'),(146,'2023-05-29 15:46:49',1,146,NULL,NULL,NULL,NULL,'DROPPED_OFF'),(147,'2023-05-29 15:46:49',1,147,NULL,NULL,NULL,NULL,'DROPPED_OFF'),(148,'2023-05-29 15:46:49',1,148,NULL,NULL,NULL,NULL,'DROPPED_OFF'),(149,'2023-05-29 15:46:49',1,149,NULL,NULL,NULL,NULL,'DROPPED_OFF'),(150,'2023-05-29 15:46:49',1,150,NULL,NULL,NULL,NULL,'DROPPED_OFF'),(151,'2023-05-29 15:46:49',1,151,NULL,NULL,NULL,NULL,'DROPPED_OFF'),(152,'2023-05-29 15:46:49',1,152,NULL,NULL,NULL,NULL,'DROPPED_OFF'),(153,'2023-05-29 15:46:49',1,153,NULL,NULL,NULL,NULL,'DROPPED_OFF'),(154,'2023-05-29 15:46:49',1,154,NULL,NULL,NULL,NULL,'DROPPED_OFF'),(155,'2023-05-29 15:46:49',1,155,NULL,NULL,NULL,NULL,'DROPPED_OFF'),(156,'2023-05-29 15:46:49',1,156,NULL,NULL,NULL,NULL,'DROPPED_OFF'),(157,'2023-05-29 15:46:49',1,157,NULL,NULL,NULL,NULL,'DROPPED_OFF'),(158,'2023-05-29 15:46:49',1,158,NULL,NULL,NULL,NULL,'DROPPED_OFF'),(159,'2023-05-29 15:46:49',1,159,NULL,NULL,NULL,NULL,'DROPPED_OFF'),(160,'2023-05-29 15:46:49',1,160,NULL,NULL,NULL,NULL,'DROPPED_OFF'),(161,'2023-05-29 15:46:49',1,161,NULL,NULL,NULL,NULL,'DROPPED_OFF'),(162,'2023-05-29 15:46:49',1,162,NULL,NULL,NULL,NULL,'DROPPED_OFF'),(163,'2023-05-29 15:46:49',1,163,NULL,NULL,NULL,NULL,'DROPPED_OFF'),(164,'2023-05-29 15:46:49',1,164,NULL,NULL,NULL,NULL,'DROPPED_OFF'),(165,'2023-05-29 15:46:49',1,165,NULL,NULL,NULL,NULL,'DROPPED_OFF'),(166,'2023-05-29 15:46:49',1,166,NULL,NULL,NULL,NULL,'DROPPED_OFF'),(167,'2023-05-29 15:46:49',1,167,NULL,NULL,NULL,NULL,'DROPPED_OFF'),(168,'2023-05-29 15:46:49',1,168,NULL,NULL,NULL,NULL,'DROPPED_OFF'),(169,'2023-05-29 15:46:49',1,169,NULL,NULL,NULL,NULL,'DROPPED_OFF'),(170,'2023-05-29 15:46:49',1,170,NULL,NULL,NULL,NULL,'DROPPED_OFF'),(171,'2023-05-29 15:46:49',1,171,NULL,NULL,NULL,NULL,'DROPPED_OFF'),(172,'2023-05-29 15:46:49',1,172,NULL,NULL,NULL,NULL,'DROPPED_OFF'),(173,'2023-05-29 15:46:49',1,173,NULL,NULL,NULL,NULL,'DROPPED_OFF'),(174,'2023-05-29 15:46:49',1,174,NULL,NULL,NULL,NULL,'DROPPED_OFF'),(175,'2023-05-29 15:46:49',1,175,NULL,NULL,NULL,NULL,'DROPPED_OFF'),(176,'2023-05-29 15:46:49',1,176,NULL,NULL,NULL,NULL,'DROPPED_OFF'),(177,'2023-05-29 15:46:49',1,177,NULL,NULL,NULL,NULL,'DROPPED_OFF'),(178,'2023-05-29 15:46:49',1,178,NULL,NULL,NULL,NULL,'DROPPED_OFF'),(179,'2023-05-29 15:46:49',1,179,NULL,NULL,NULL,NULL,'DROPPED_OFF'),(180,'2023-05-29 15:46:49',1,180,NULL,NULL,NULL,NULL,'DROPPED_OFF'),(181,'2023-05-29 15:46:51',2,181,NULL,NULL,4,NULL,'DROPPED_OFF'),(182,'2023-05-29 15:46:51',2,182,NULL,NULL,4,NULL,'DROPPED_OFF'),(183,'2023-05-29 15:46:51',2,183,NULL,NULL,4,NULL,'DROPPED_OFF'),(184,'2023-05-29 15:46:51',2,184,NULL,NULL,4,NULL,'DROPPED_OFF'),(185,'2023-05-29 15:46:51',2,185,NULL,NULL,4,NULL,'DROPPED_OFF'),(186,'2023-05-29 15:46:51',2,186,NULL,NULL,4,NULL,'DROPPED_OFF'),(187,'2023-05-29 15:46:51',2,187,NULL,NULL,4,NULL,'DROPPED_OFF'),(188,'2023-05-29 15:46:51',2,188,NULL,NULL,4,NULL,'DROPPED_OFF'),(189,'2023-05-29 15:46:51',2,189,NULL,NULL,4,NULL,'DROPPED_OFF'),(190,'2023-05-29 15:46:51',2,190,NULL,NULL,4,NULL,'DROPPED_OFF'),(191,'2023-05-29 15:46:51',2,191,NULL,NULL,4,NULL,'DROPPED_OFF'),(192,'2023-05-29 15:46:51',2,192,NULL,NULL,4,NULL,'DROPPED_OFF'),(193,'2023-05-29 15:46:51',2,193,NULL,NULL,4,NULL,'DROPPED_OFF'),(194,'2023-05-29 15:46:51',2,194,NULL,NULL,4,NULL,'DROPPED_OFF'),(195,'2023-05-29 15:46:51',2,195,NULL,NULL,4,NULL,'DROPPED_OFF'),(196,'2023-05-29 15:46:51',2,196,NULL,NULL,4,NULL,'DROPPED_OFF'),(197,'2023-05-29 15:46:51',2,197,NULL,NULL,4,NULL,'DROPPED_OFF'),(198,'2023-05-29 15:46:51',2,198,NULL,NULL,4,NULL,'DROPPED_OFF'),(199,'2023-05-29 15:46:51',2,199,NULL,NULL,4,NULL,'DROPPED_OFF'),(200,'2023-05-29 15:46:51',2,200,NULL,NULL,4,NULL,'DROPPED_OFF'),(201,'2023-05-29 15:46:51',2,201,NULL,NULL,4,NULL,'DROPPED_OFF'),(202,'2023-05-29 15:46:51',2,202,NULL,NULL,4,NULL,'DROPPED_OFF'),(203,'2023-05-29 15:46:51',2,203,NULL,NULL,4,NULL,'DROPPED_OFF'),(204,'2023-05-29 15:46:51',2,204,NULL,NULL,4,NULL,'DROPPED_OFF'),(205,'2023-05-29 15:46:51',2,205,NULL,NULL,4,NULL,'DROPPED_OFF'),(206,'2023-05-29 15:46:51',2,206,NULL,NULL,4,NULL,'DROPPED_OFF'),(207,'2023-05-29 15:46:51',2,207,NULL,NULL,4,NULL,'DROPPED_OFF'),(208,'2023-05-29 15:46:51',2,208,NULL,NULL,4,NULL,'DROPPED_OFF'),(209,'2023-05-29 15:46:51',2,209,NULL,NULL,4,NULL,'DROPPED_OFF'),(210,'2023-05-29 15:46:51',2,210,NULL,NULL,5,NULL,'DROPPED_OFF'),(211,'2023-05-29 15:46:51',2,211,NULL,NULL,5,NULL,'DROPPED_OFF'),(212,'2023-05-29 15:46:51',2,212,NULL,NULL,5,NULL,'DROPPED_OFF'),(213,'2023-05-29 15:46:51',2,213,NULL,NULL,5,NULL,'DROPPED_OFF'),(214,'2023-05-29 15:46:51',2,214,NULL,NULL,5,NULL,'DROPPED_OFF'),(215,'2023-05-29 15:46:51',2,215,NULL,NULL,5,NULL,'DROPPED_OFF'),(216,'2023-05-29 15:46:51',2,216,NULL,NULL,5,NULL,'DROPPED_OFF'),(217,'2023-05-29 15:46:51',2,217,NULL,NULL,5,NULL,'DROPPED_OFF'),(218,'2023-05-29 15:46:51',2,218,NULL,NULL,5,NULL,'DROPPED_OFF'),(219,'2023-05-29 15:46:51',2,219,NULL,NULL,5,NULL,'DROPPED_OFF'),(220,'2023-05-29 15:46:51',2,220,NULL,NULL,5,NULL,'DROPPED_OFF'),(221,'2023-05-29 15:46:51',2,221,NULL,NULL,5,NULL,'DROPPED_OFF'),(222,'2023-05-29 15:46:51',2,222,NULL,NULL,5,NULL,'DROPPED_OFF'),(223,'2023-05-29 15:46:51',2,223,NULL,NULL,5,NULL,'DROPPED_OFF'),(224,'2023-05-29 15:46:51',2,224,NULL,NULL,5,NULL,'DROPPED_OFF'),(225,'2023-05-29 15:46:51',2,225,NULL,NULL,5,NULL,'DROPPED_OFF'),(226,'2023-05-29 15:46:51',2,226,NULL,NULL,5,NULL,'DROPPED_OFF'),(227,'2023-05-29 15:46:51',2,227,NULL,NULL,5,NULL,'DROPPED_OFF'),(228,'2023-05-29 15:46:51',2,228,NULL,NULL,5,NULL,'DROPPED_OFF'),(229,'2023-05-29 15:46:51',2,229,NULL,NULL,5,NULL,'DROPPED_OFF'),(230,'2023-05-29 15:46:51',2,230,NULL,NULL,5,NULL,'DROPPED_OFF'),(231,'2023-05-29 15:46:51',2,231,NULL,NULL,5,NULL,'DROPPED_OFF'),(232,'2023-05-29 15:46:51',2,232,NULL,NULL,5,NULL,'DROPPED_OFF'),(233,'2023-05-29 15:46:51',2,233,NULL,NULL,5,NULL,'DROPPED_OFF'),(234,'2023-05-29 15:46:51',2,234,NULL,NULL,5,NULL,'DROPPED_OFF'),(235,'2023-05-29 15:46:51',2,235,NULL,NULL,5,NULL,'DROPPED_OFF'),(236,'2023-05-29 15:46:51',2,236,NULL,NULL,5,NULL,'DROPPED_OFF'),(237,'2023-05-29 15:46:51',2,237,NULL,NULL,5,NULL,'DROPPED_OFF'),(238,'2023-05-29 15:46:51',2,238,NULL,NULL,5,NULL,'DROPPED_OFF'),(239,'2023-05-29 15:46:51',2,239,NULL,NULL,5,NULL,'DROPPED_OFF'),(240,'2023-05-29 15:46:51',2,240,NULL,NULL,5,NULL,'DROPPED_OFF'),(241,'2023-05-29 15:46:51',2,241,NULL,NULL,5,NULL,'DROPPED_OFF'),(242,'2023-05-29 15:46:51',2,242,NULL,NULL,5,NULL,'DROPPED_OFF'),(243,'2023-05-29 15:46:51',2,243,NULL,NULL,5,NULL,'DROPPED_OFF'),(244,'2023-05-29 15:46:51',2,244,NULL,NULL,5,NULL,'DROPPED_OFF'),(245,'2023-05-29 15:46:51',2,245,NULL,NULL,5,NULL,'DROPPED_OFF'),(246,'2023-05-29 15:46:51',2,246,NULL,NULL,5,NULL,'DROPPED_OFF'),(247,'2023-05-29 15:46:51',2,247,NULL,NULL,5,NULL,'DROPPED_OFF'),(248,'2023-05-29 15:46:51',2,248,NULL,NULL,5,NULL,'DROPPED_OFF'),(249,'2023-05-29 15:46:51',2,249,NULL,NULL,5,NULL,'DROPPED_OFF'),(250,'2023-05-29 15:46:51',2,250,NULL,NULL,5,NULL,'DROPPED_OFF'),(251,'2023-05-29 15:46:51',2,251,NULL,NULL,5,NULL,'DROPPED_OFF'),(252,'2023-05-29 15:46:51',2,252,NULL,NULL,5,NULL,'DROPPED_OFF'),(253,'2023-05-29 15:46:51',2,253,NULL,NULL,5,NULL,'DROPPED_OFF'),(254,'2023-05-29 15:46:51',2,254,NULL,NULL,5,NULL,'DROPPED_OFF'),(255,'2023-05-29 15:46:51',2,255,NULL,NULL,5,NULL,'DROPPED_OFF'),(256,'2023-05-29 15:46:51',2,256,NULL,NULL,5,NULL,'DROPPED_OFF'),(257,'2023-05-29 15:46:51',2,257,NULL,NULL,5,NULL,'DROPPED_OFF'),(258,'2023-05-29 15:46:51',2,258,NULL,NULL,5,NULL,'DROPPED_OFF'),(259,'2023-05-29 15:46:51',2,259,NULL,NULL,5,NULL,'DROPPED_OFF'),(260,'2023-05-29 15:46:51',2,260,NULL,NULL,5,NULL,'DROPPED_OFF'),(261,'2023-05-29 15:46:51',2,261,NULL,NULL,5,NULL,'DROPPED_OFF'),(262,'2023-05-29 15:46:51',2,262,NULL,NULL,5,NULL,'DROPPED_OFF'),(263,'2023-05-29 15:46:51',2,263,NULL,NULL,5,NULL,'DROPPED_OFF'),(264,'2023-05-29 15:46:51',2,264,NULL,NULL,5,NULL,'DROPPED_OFF'),(265,'2023-05-29 15:46:51',2,265,NULL,NULL,5,NULL,'DROPPED_OFF'),(266,'2023-05-29 15:46:51',2,266,NULL,NULL,5,NULL,'DROPPED_OFF'),(267,'2023-05-29 15:46:51',2,267,NULL,NULL,5,NULL,'DROPPED_OFF'),(268,'2023-05-29 15:46:51',2,268,NULL,NULL,5,NULL,'DROPPED_OFF'),(269,'2023-05-29 15:46:51',2,269,NULL,NULL,5,NULL,'DROPPED_OFF'),(270,'2023-05-29 15:46:51',2,270,NULL,NULL,5,NULL,'DROPPED_OFF'),(271,'2023-05-29 15:46:51',2,271,NULL,NULL,5,NULL,'DROPPED_OFF'),(272,'2023-05-29 15:46:51',2,272,NULL,NULL,5,NULL,'DROPPED_OFF'),(273,'2023-05-29 15:46:51',2,273,NULL,NULL,5,NULL,'DROPPED_OFF'),(274,'2023-05-29 15:46:51',2,274,NULL,NULL,5,NULL,'DROPPED_OFF'),(275,'2023-05-29 15:46:51',2,275,NULL,NULL,6,NULL,'DROPPED_OFF'),(276,'2023-05-29 15:46:51',2,276,NULL,NULL,6,NULL,'DROPPED_OFF'),(277,'2023-05-29 15:46:51',2,277,NULL,NULL,6,NULL,'DROPPED_OFF'),(278,'2023-05-29 15:46:51',2,278,NULL,NULL,6,NULL,'DROPPED_OFF'),(279,'2023-05-29 15:46:51',2,279,NULL,NULL,6,NULL,'DROPPED_OFF'),(280,'2023-05-29 15:46:51',2,280,NULL,NULL,6,NULL,'DROPPED_OFF'),(281,'2023-05-29 15:46:51',2,281,NULL,NULL,6,NULL,'DROPPED_OFF'),(282,'2023-05-29 15:46:51',2,282,NULL,NULL,6,NULL,'DROPPED_OFF'),(283,'2023-05-29 15:46:51',2,283,NULL,NULL,6,NULL,'DROPPED_OFF'),(284,'2023-05-29 15:46:51',2,284,NULL,NULL,6,NULL,'DROPPED_OFF'),(285,'2023-05-29 15:46:51',2,285,NULL,NULL,6,NULL,'DROPPED_OFF'),(286,'2023-05-29 15:46:51',2,286,NULL,NULL,6,NULL,'DROPPED_OFF'),(287,'2023-05-29 15:46:51',2,287,NULL,NULL,6,NULL,'DROPPED_OFF'),(288,'2023-05-29 15:46:51',2,288,NULL,NULL,6,NULL,'DROPPED_OFF'),(289,'2023-05-29 15:46:51',2,289,NULL,NULL,6,NULL,'DROPPED_OFF'),(290,'2023-05-29 15:46:51',2,290,NULL,NULL,6,NULL,'DROPPED_OFF'),(291,'2023-05-29 15:46:51',2,291,NULL,NULL,6,NULL,'DROPPED_OFF'),(292,'2023-05-29 15:46:51',2,292,NULL,NULL,6,NULL,'DROPPED_OFF'),(293,'2023-05-29 15:46:51',2,293,NULL,NULL,6,NULL,'DROPPED_OFF'),(294,'2023-05-29 15:46:51',2,294,NULL,NULL,6,NULL,'DROPPED_OFF'),(295,'2023-05-29 15:46:51',2,295,NULL,NULL,6,NULL,'DROPPED_OFF'),(296,'2023-05-29 15:46:51',2,296,NULL,NULL,6,NULL,'DROPPED_OFF'),(849,'2024-05-05 20:07:44',9,2,NULL,3,1,1,'PICKED_UP'),(850,'2024-05-05 20:07:59',9,3,NULL,3,1,1,'PICKED_UP'),(853,'2024-05-05 23:43:20',9,5,NULL,3,1,1,'PICKED_UP'),(854,'2024-05-06 11:22:02',9,1,NULL,3,1,1,'DROPPED_OFF'),(856,'2024-05-06 11:22:05',9,3,NULL,7,1,2,'DROPPED_OFF'),(858,'2024-05-06 11:24:55',9,6,NULL,3,1,1,'DROPPED_OFF'),(870,'2024-05-06 13:42:41',1,17,1,1,NULL,NULL,'FILLED'),(874,'2024-05-06 14:37:14',1,15,NULL,NULL,NULL,NULL,'FILLED'),(875,'2024-05-06 14:38:02',1,15,NULL,NULL,NULL,NULL,'FILLED'),(876,'2024-05-06 14:38:22',1,15,NULL,NULL,NULL,NULL,'FILLED'),(877,'2024-05-06 14:38:34',1,15,NULL,NULL,NULL,NULL,'FILLED'),(878,'2024-05-06 14:38:41',1,15,NULL,NULL,NULL,NULL,'FILLED'),(879,'2024-05-06 14:40:59',1,15,NULL,NULL,NULL,NULL,'REPAIR'),(880,'2024-05-06 14:43:21',1,15,NULL,NULL,NULL,NULL,'REPAIR'),(881,'2024-05-06 14:44:24',1,15,NULL,NULL,NULL,NULL,'MISSING'),(882,'2024-05-06 14:44:34',1,15,NULL,NULL,NULL,NULL,'MISSING'),(884,'2024-05-06 15:17:51',1,12,NULL,NULL,NULL,NULL,'BURNT'),(886,'2024-05-06 15:20:07',1,13,NULL,NULL,NULL,NULL,'BURNT'),(887,'2024-05-06 15:20:10',1,13,NULL,NULL,NULL,NULL,'BURNT'),(888,'2024-05-06 15:20:15',1,13,NULL,NULL,NULL,NULL,'BURNT'),(890,'2024-05-06 15:20:30',1,12,NULL,NULL,NULL,NULL,'REPAIR'),(891,'2024-05-06 15:20:41',1,13,NULL,NULL,NULL,NULL,'MISSING'),(892,'2024-05-06 15:23:30',1,12,NULL,NULL,NULL,NULL,'REPAIR'),(893,'2024-05-06 15:26:09',1,12,1,1,NULL,NULL,'FILLED'),(894,'2024-05-06 15:26:10',1,12,NULL,NULL,NULL,NULL,'BURNT'),(895,'2024-05-06 15:26:12',1,12,NULL,NULL,NULL,NULL,'BURNT'),(896,'2024-05-06 15:26:16',1,12,NULL,NULL,NULL,NULL,'MISSING'),(897,'2024-05-06 15:26:52',1,12,NULL,NULL,NULL,NULL,'REPAIR'),(898,'2024-05-06 15:26:55',1,12,NULL,NULL,NULL,NULL,'MISSING'),(899,'2024-05-06 16:12:36',1,1,1,1,NULL,NULL,'FILLED');
/*!40000 ALTER TABLE `transactionlog` ENABLE KEYS */;
UNLOCK TABLES;

--
-- Table structure for table `users`
--

DROP TABLE IF EXISTS `users`;
/*!40101 SET @saved_cs_client     = @@character_set_client */;
/*!50503 SET character_set_client = utf8mb4 */;
CREATE TABLE `users` (
  `userID` int NOT NULL AUTO_INCREMENT,
  `password` varchar(255) NOT NULL,
  `email` varchar(255) NOT NULL,
  `firstName` varchar(255) DEFAULT NULL,
  `lastName` varchar(255) DEFAULT NULL,
  `userRole` enum('Mill','Harvester','Locomotive') DEFAULT NULL,
  `active` tinyint(1) NOT NULL DEFAULT '1',
  `harvesterID` int DEFAULT NULL,
  PRIMARY KEY (`userID`),
  UNIQUE KEY `idUsers_UNIQUE` (`userID`),
  KEY `users_harvester_harvesterID_fk` (`harvesterID`),
  UNIQUE (`email`),
  CONSTRAINT `users_harvester_harvesterID_fk` FOREIGN KEY (`harvesterID`) REFERENCES `harvester` (`harvesterID`)
) ENGINE=InnoDB AUTO_INCREMENT=18 DEFAULT CHARSET=utf8mb4 COLLATE=utf8mb4_0900_ai_ci COMMENT='Table for users of the program';
/*!40101 SET character_set_client = @saved_cs_client */;

--
-- Dumping data for table `users`
--

-- $2a$08$GlE34snn/vPoBkNdcdAmeuAeNknc0BjJwiPalD6hODA.LcI.bxpXC is root (for dummy testing) and current hash of 8

LOCK TABLES `users` WRITE;
/*!40000 ALTER TABLE `users` DISABLE KEYS */;
INSERT INTO `users` VALUES (1,'$2a$08$wkJZiX0D.FPOVbsCuDmiBe14L6UFWAKkaYfALcHlv9saXPztybcvm','example1@gmail.com','Dough','Henry','Mill',1,1),(2,'$2a$08$HgTEhro2.iteq26ORrQ6fekeD56OsqAbjYHPUj37TgHDHcX1vkLta','example2@gmail.com','Mathew','Satler','Locomotive',1,NULL),(3,'$2a$08$vuM7du751UzTRsJYY3ri2uH2LqdhCx24dG4s3dsD4mtB/tfXOjnwa','example3@gmail.com','Cass','Young','Harvester',1,NULL),(4,'$2a$08$GlE34snn/vPoBkNdcdAmeuAeNknc0BjJwiPalD6hODA.LcI.bxpXC','login@gmail.com','Jarrod','Stout','Harvester',1,6),(5,'root','Doubt','example5@gmail.com','Young','Harvester',1,9),(6,'root','example6@gmail.com','Harry','Brown','Locomotive',1,NULL),(7,'root','example7@gmail.com','Jack','Smith','Locomotive',0,NULL),(8,'root','example8@gmail.com','Ron','Falcon','Locomotive',0,NULL),(9,'$2a$08$tHBAB7gxIY82RA0NUQ.WW.6JnDvU9JtY.afrchogUHVaHoucLAhNq','example9@gmail.com','zZac','Gill','Harvester',0,NULL),(17,'$2a$08$G/yln3BQYKKG0NrNZHbsVuXuQSRPON3fD2Jtc8oskM37sCivKm0Dy','example17@gmail.com','sadf','asdf','Locomotive',1,NULL), (18,'$2a$08$GlE34snn/vPoBkNdcdAmeuAeNknc0BjJwiPalD6hODA.LcI.bxpXC','cadb10401@gmail.com','chris','test','Harvester',1,2), (19,'$2a$08$GlE34snn/vPoBkNdcdAmeuAeNknc0BjJwiPalD6hODA.LcI.bxpXC','example19@gmail.com','bob','test','Harvester',1,3), (20,'$2a$08$GlE34snn/vPoBkNdcdAmeuAeNknc0BjJwiPalD6hODA.LcI.bxpXC','harvester@email.com','Geoff','Kent','Harvester',1,5),(21,'$2a$08$GlE34snn/vPoBkNdcdAmeuAeNknc0BjJwiPalD6hODA.LcI.bxpXC','loco@email.com','Geoff','Kent','Locomotive',1,NULL),(22,'$2a$08$GlE34snn/vPoBkNdcdAmeuAeNknc0BjJwiPalD6hODA.LcI.bxpXC','mill@email.com','Geoff','Kent','Mill',1,NULL),;
/*!40000 ALTER TABLE `users` ENABLE KEYS */;
UNLOCK TABLES;



--
-- Table structure for table `farms`
--

DROP TABLE IF EXISTS `farms`;
/*!40101 SET @saved_cs_client     = @@character_set_client */;
/*!50503 SET character_set_client = utf8mb4 */;
CREATE TABLE `farms` (
  `farmID` int NOT NULL AUTO_INCREMENT,
  `farmName` varchar(255) NOT NULL,
  PRIMARY KEY (`farmID`, `farmName`)
) ENGINE=InnoDB AUTO_INCREMENT=51 DEFAULT CHARSET=utf8mb4 COLLATE=utf8mb4_0900_ai_ci COMMENT='list of Farms';
/*!40101 SET character_set_client = @saved_cs_client */;

LOCK TABLES `farms` WRITE;
/*!40000 ALTER TABLE `farms` DISABLE KEYS */;
INSERT INTO `farms` VALUES (1,'Western Dummy Farm'),(2,'Dummy Tully Farm'), (3, 'Dummy Bundaberg Farm');
/*!40000 ALTER TABLE `farms` ENABLE KEYS */;
UNLOCK TABLES;



--
-- Table structure for table `blocks`
--

DROP TABLE IF EXISTS `blocks`;
/*!40101 SET @saved_cs_client     = @@character_set_client */;
/*!50503 SET character_set_client = utf8mb4 */;
CREATE TABLE `blocks` (
  `blockID` int NOT NULL AUTO_INCREMENT,
  `farmID` int NOT NULL,
  PRIMARY KEY (`blockID`, `farmID`)
) ENGINE=InnoDB AUTO_INCREMENT=51 DEFAULT CHARSET=utf8mb4 COLLATE=utf8mb4_0900_ai_ci COMMENT='list of Blocks';
/*!40101 SET character_set_client = @saved_cs_client */;

--
-- Dumping data for table `paddocks`
--

LOCK TABLES `blocks` WRITE;
/*!40000 ALTER TABLE `blocks` DISABLE KEYS */;
INSERT INTO `blocks` VALUES (1,18),(41,8);
/*!40000 ALTER TABLE `blocks` ENABLE KEYS */;
UNLOCK TABLES;

--
-- Table structure for table `sub-blocks`
--

DROP TABLE IF EXISTS `subs`;
/*!40101 SET @saved_cs_client     = @@character_set_client */;
/*!50503 SET character_set_client = utf8mb4 */;
CREATE TABLE `subs` (
  `subBlockID` int NOT NULL AUTO_INCREMENT,
  `blockID` int NOT NULL,
  `farmID` int NOT NULL,
  PRIMARY KEY (`subBlockID`, `blockID`, `farmID`)
) ENGINE=InnoDB AUTO_INCREMENT=51 DEFAULT CHARSET=utf8mb4 COLLATE=utf8mb4_0900_ai_ci COMMENT='list of Sub-Blocks';
/*!40101 SET character_set_client = @saved_cs_client */;

--
-- Dumping data for table `paddocks`
--

LOCK TABLES `subs` WRITE;
/*!40000 ALTER TABLE `subs` DISABLE KEYS */;
INSERT INTO `subs` VALUES (1,1,1),(2,1,2),(3,1,3),(4,1,4),(5,1,5),(6,1,6),(7,2,1),(8,2,2);
/*!40000 ALTER TABLE `subs` ENABLE KEYS */;
UNLOCK TABLES;



/*!40103 SET TIME_ZONE=@OLD_TIME_ZONE */;

/*!40101 SET SQL_MODE=@OLD_SQL_MODE */;
/*!40014 SET FOREIGN_KEY_CHECKS=@OLD_FOREIGN_KEY_CHECKS */;
/*!40014 SET UNIQUE_CHECKS=@OLD_UNIQUE_CHECKS */;
/*!40101 SET CHARACTER_SET_CLIENT=@OLD_CHARACTER_SET_CLIENT */;
/*!40101 SET CHARACTER_SET_RESULTS=@OLD_CHARACTER_SET_RESULTS */;
/*!40101 SET COLLATION_CONNECTION=@OLD_COLLATION_CONNECTION */;
/*!40111 SET SQL_NOTES=@OLD_SQL_NOTES */;

-- Dump completed on 2024-05-06 17:30:34
